ten,loai_dien_thoai,thoi_gian_bao_hanh,danh_gia,so_luong_binh_luan,duong_dan,mau_sac,gia_moi,gia_cu,he_dieu_hanh,cpu,ram,bo_nho_trong,dung_luong_pin,thiet_ke,hang_dien_thoai,la_dien_thoai_cu,kich_thuoc_man_hinh,tan_so_quet,do_sang_man_hinh,loai_man_hinh,so_the_sim,loai_pin,cong_suat_sac,do_phan_giai_cam_sau,do_phan_giai_cam_truoc
Điện thoại Xiaomi Redmi Note 13 Pro 5G (Snapdragon 7s Gen 2),Redmi,12,5.0,1162,https://mobilecity.vn/dien-thoai/xiaomi-redmi-note-13-pro-cau-hinh-manh.html,Tím,4150000,5950000,Android 13,"Qualcomm SM7435-AB Snapdragon 7s Gen 2 (4 nm)
8 nhân (4x2.40 GHz & 4x1.95 GHz)
GPU: Adreno 710",8.0,128.0,5100.0,"Khung nhựa vuông vức
Mặt lưng kính
Kính trước Corning Gorilla Glass Victus
Cảm biến vân tay dưới màn hình
Kháng nước, bụi IP54",Xiaomi,false,6.67,120.0,500.0,AMOLED,2,Li-Po,67.0,"200.0,8.0,2.0",16.0
Điện thoại Xiaomi Redmi Note 13 Pro 5G (Snapdragon 7s Gen 2),Redmi,12,5.0,1162,https://mobilecity.vn/dien-thoai/xiaomi-redmi-note-13-pro-cau-hinh-manh.html,Tím,4650000,5950000,Android 13,"Qualcomm SM7435-AB Snapdragon 7s Gen 2 (4 nm)
8 nhân (4x2.40 GHz & 4x1.95 GHz)
GPU: Adreno 710",8.0,128.0,5100.0,"Khung nhựa vuông vức
Mặt lưng kính
Kính trước Corning Gorilla Glass Victus
Cảm biến vân tay dưới màn hình
Kháng nước, bụi IP54",Xiaomi,false,6.67,120.0,500.0,AMOLED,2,Li-Po,67.0,"200.0,8.0,2.0",16.0
Điện thoại Xiaomi Redmi Note 13 Pro 5G (Snapdragon 7s Gen 2),Redmi,12,5.0,1162,https://mobilecity.vn/dien-thoai/xiaomi-redmi-note-13-pro-cau-hinh-manh.html,Tím,4950000,5950000,Android 13,"Qualcomm SM7435-AB Snapdragon 7s Gen 2 (4 nm)
8 nhân (4x2.40 GHz & 4x1.95 GHz)
GPU: Adreno 710",8.0,128.0,5100.0,"Khung nhựa vuông vức
Mặt lưng kính
Kính trước Corning Gorilla Glass Victus
Cảm biến vân tay dưới màn hình
Kháng nước, bụi IP54",Xiaomi,false,6.67,120.0,500.0,AMOLED,2,Li-Po,67.0,"200.0,8.0,2.0",16.0
Điện thoại Xiaomi Redmi Note 13 Pro 5G (Snapdragon 7s Gen 2),Redmi,12,5.0,1162,https://mobilecity.vn/dien-thoai/xiaomi-redmi-note-13-pro-cau-hinh-manh.html,Xanh ôliu,4150000,5950000,Android 13,"Qualcomm SM7435-AB Snapdragon 7s Gen 2 (4 nm)
8 nhân (4x2.40 GHz & 4x1.95 GHz)
GPU: Adreno 710",8.0,128.0,5100.0,"Khung nhựa vuông vức
Mặt lưng kính
Kính trước Corning Gorilla Glass Victus
Cảm biến vân tay dưới màn hình
Kháng nước, bụi IP54",Xiaomi,false,6.67,120.0,500.0,AMOLED,2,Li-Po,67.0,"200.0,8.0,2.0",16.0
Điện thoại Xiaomi Redmi Note 13 Pro 5G (Snapdragon 7s Gen 2),Redmi,12,5.0,1162,https://mobilecity.vn/dien-thoai/xiaomi-redmi-note-13-pro-cau-hinh-manh.html,Xanh ôliu,4650000,5950000,Android 13,"Qualcomm SM7435-AB Snapdragon 7s Gen 2 (4 nm)
8 nhân (4x2.40 GHz & 4x1.95 GHz)
GPU: Adreno 710",8.0,128.0,5100.0,"Khung nhựa vuông vức
Mặt lưng kính
Kính trước Corning Gorilla Glass Victus
Cảm biến vân tay dưới màn hình
Kháng nước, bụi IP54",Xiaomi,false,6.67,120.0,500.0,AMOLED,2,Li-Po,67.0,"200.0,8.0,2.0",16.0
Điện thoại Xiaomi Redmi Note 13 Pro 5G (Snapdragon 7s Gen 2),Redmi,12,5.0,1162,https://mobilecity.vn/dien-thoai/xiaomi-redmi-note-13-pro-cau-hinh-manh.html,Xanh ôliu,4950000,5950000,Android 13,"Qualcomm SM7435-AB Snapdragon 7s Gen 2 (4 nm)
8 nhân (4x2.40 GHz & 4x1.95 GHz)
GPU: Adreno 710",8.0,128.0,5100.0,"Khung nhựa vuông vức
Mặt lưng kính
Kính trước Corning Gorilla Glass Victus
Cảm biến vân tay dưới màn hình
Kháng nước, bụi IP54",Xiaomi,false,6.67,120.0,500.0,AMOLED,2,Li-Po,67.0,"200.0,8.0,2.0",16.0
Điện thoại Xiaomi Redmi Note 13 Pro 5G (Snapdragon 7s Gen 2),Redmi,12,5.0,1162,https://mobilecity.vn/dien-thoai/xiaomi-redmi-note-13-pro-cau-hinh-manh.html,Xanh,4250000,5950000,Android 13,"Qualcomm SM7435-AB Snapdragon 7s Gen 2 (4 nm)
8 nhân (4x2.40 GHz & 4x1.95 GHz)
GPU: Adreno 710",8.0,128.0,5100.0,"Khung nhựa vuông vức
Mặt lưng kính
Kính trước Corning Gorilla Glass Victus
Cảm biến vân tay dưới màn hình
Kháng nước, bụi IP54",Xiaomi,false,6.67,120.0,500.0,AMOLED,2,Li-Po,67.0,"200.0,8.0,2.0",16.0
Điện thoại Xiaomi Redmi Note 13 Pro 5G (Snapdragon 7s Gen 2),Redmi,12,5.0,1162,https://mobilecity.vn/dien-thoai/xiaomi-redmi-note-13-pro-cau-hinh-manh.html,Xanh,4650000,5950000,Android 13,"Qualcomm SM7435-AB Snapdragon 7s Gen 2 (4 nm)
8 nhân (4x2.40 GHz & 4x1.95 GHz)
GPU: Adreno 710",8.0,128.0,5100.0,"Khung nhựa vuông vức
Mặt lưng kính
Kính trước Corning Gorilla Glass Victus
Cảm biến vân tay dưới màn hình
Kháng nước, bụi IP54",Xiaomi,false,6.67,120.0,500.0,AMOLED,2,Li-Po,67.0,"200.0,8.0,2.0",16.0
Điện thoại Xiaomi Redmi Note 13 Pro 5G (Snapdragon 7s Gen 2),Redmi,12,5.0,1162,https://mobilecity.vn/dien-thoai/xiaomi-redmi-note-13-pro-cau-hinh-manh.html,Xanh,5050000,5950000,Android 13,"Qualcomm SM7435-AB Snapdragon 7s Gen 2 (4 nm)
8 nhân (4x2.40 GHz & 4x1.95 GHz)
GPU: Adreno 710",8.0,128.0,5100.0,"Khung nhựa vuông vức
Mặt lưng kính
Kính trước Corning Gorilla Glass Victus
Cảm biến vân tay dưới màn hình
Kháng nước, bụi IP54",Xiaomi,false,6.67,120.0,500.0,AMOLED,2,Li-Po,67.0,"200.0,8.0,2.0",16.0
Điện thoại Xiaomi Redmi Note 13 Pro 5G (Snapdragon 7s Gen 2),Redmi,12,5.0,1162,https://mobilecity.vn/dien-thoai/xiaomi-redmi-note-13-pro-cau-hinh-manh.html,Đỏ,4250000,5950000,Android 13,"Qualcomm SM7435-AB Snapdragon 7s Gen 2 (4 nm)
8 nhân (4x2.40 GHz & 4x1.95 GHz)
GPU: Adreno 710",8.0,128.0,5100.0,"Khung nhựa vuông vức
Mặt lưng kính
Kính trước Corning Gorilla Glass Victus
Cảm biến vân tay dưới màn hình
Kháng nước, bụi IP54",Xiaomi,false,6.67,120.0,500.0,AMOLED,2,Li-Po,67.0,"200.0,8.0,2.0",16.0
Điện thoại Xiaomi Redmi Note 13 Pro 5G (Snapdragon 7s Gen 2),Redmi,12,5.0,1162,https://mobilecity.vn/dien-thoai/xiaomi-redmi-note-13-pro-cau-hinh-manh.html,Đỏ,4650000,5950000,Android 13,"Qualcomm SM7435-AB Snapdragon 7s Gen 2 (4 nm)
8 nhân (4x2.40 GHz & 4x1.95 GHz)
GPU: Adreno 710",8.0,128.0,5100.0,"Khung nhựa vuông vức
Mặt lưng kính
Kính trước Corning Gorilla Glass Victus
Cảm biến vân tay dưới màn hình
Kháng nước, bụi IP54",Xiaomi,false,6.67,120.0,500.0,AMOLED,2,Li-Po,67.0,"200.0,8.0,2.0",16.0
Điện thoại Xiaomi Redmi Note 13 Pro 5G (Snapdragon 7s Gen 2),Redmi,12,5.0,1162,https://mobilecity.vn/dien-thoai/xiaomi-redmi-note-13-pro-cau-hinh-manh.html,Đỏ,5050000,5950000,Android 13,"Qualcomm SM7435-AB Snapdragon 7s Gen 2 (4 nm)
8 nhân (4x2.40 GHz & 4x1.95 GHz)
GPU: Adreno 710",8.0,128.0,5100.0,"Khung nhựa vuông vức
Mặt lưng kính
Kính trước Corning Gorilla Glass Victus
Cảm biến vân tay dưới màn hình
Kháng nước, bụi IP54",Xiaomi,false,6.67,120.0,500.0,AMOLED,2,Li-Po,67.0,"200.0,8.0,2.0",16.0
Điện thoại Xiaomi Redmi Note 13 Pro 5G (Snapdragon 7s Gen 2),Redmi,12,5.0,1162,https://mobilecity.vn/dien-thoai/xiaomi-redmi-note-13-pro-cau-hinh-manh.html,Đen,4250000,5950000,Android 13,"Qualcomm SM7435-AB Snapdragon 7s Gen 2 (4 nm)
8 nhân (4x2.40 GHz & 4x1.95 GHz)
GPU: Adreno 710",8.0,128.0,5100.0,"Khung nhựa vuông vức
Mặt lưng kính
Kính trước Corning Gorilla Glass Victus
Cảm biến vân tay dưới màn hình
Kháng nước, bụi IP54",Xiaomi,false,6.67,120.0,500.0,AMOLED,2,Li-Po,67.0,"200.0,8.0,2.0",16.0
Điện thoại Xiaomi Redmi Note 13 Pro 5G (Snapdragon 7s Gen 2),Redmi,12,5.0,1162,https://mobilecity.vn/dien-thoai/xiaomi-redmi-note-13-pro-cau-hinh-manh.html,Đen,4650000,5950000,Android 13,"Qualcomm SM7435-AB Snapdragon 7s Gen 2 (4 nm)
8 nhân (4x2.40 GHz & 4x1.95 GHz)
GPU: Adreno 710",8.0,128.0,5100.0,"Khung nhựa vuông vức
Mặt lưng kính
Kính trước Corning Gorilla Glass Victus
Cảm biến vân tay dưới màn hình
Kháng nước, bụi IP54",Xiaomi,false,6.67,120.0,500.0,AMOLED,2,Li-Po,67.0,"200.0,8.0,2.0",16.0
Điện thoại Xiaomi Redmi Note 13 Pro 5G (Snapdragon 7s Gen 2),Redmi,12,5.0,1162,https://mobilecity.vn/dien-thoai/xiaomi-redmi-note-13-pro-cau-hinh-manh.html,Đen,5050000,5950000,Android 13,"Qualcomm SM7435-AB Snapdragon 7s Gen 2 (4 nm)
8 nhân (4x2.40 GHz & 4x1.95 GHz)
GPU: Adreno 710",8.0,128.0,5100.0,"Khung nhựa vuông vức
Mặt lưng kính
Kính trước Corning Gorilla Glass Victus
Cảm biến vân tay dưới màn hình
Kháng nước, bụi IP54",Xiaomi,false,6.67,120.0,500.0,AMOLED,2,Li-Po,67.0,"200.0,8.0,2.0",16.0
Điện thoại Xiaomi Redmi Note 13 Pro 5G (Snapdragon 7s Gen 2),Redmi,12,5.0,1162,https://mobilecity.vn/dien-thoai/xiaomi-redmi-note-13-pro-cau-hinh-manh.html,Trắng,4250000,5950000,Android 13,"Qualcomm SM7435-AB Snapdragon 7s Gen 2 (4 nm)
8 nhân (4x2.40 GHz & 4x1.95 GHz)
GPU: Adreno 710",8.0,128.0,5100.0,"Khung nhựa vuông vức
Mặt lưng kính
Kính trước Corning Gorilla Glass Victus
Cảm biến vân tay dưới màn hình
Kháng nước, bụi IP54",Xiaomi,false,6.67,120.0,500.0,AMOLED,2,Li-Po,67.0,"200.0,8.0,2.0",16.0
Điện thoại Xiaomi Redmi Note 13 Pro 5G (Snapdragon 7s Gen 2),Redmi,12,5.0,1162,https://mobilecity.vn/dien-thoai/xiaomi-redmi-note-13-pro-cau-hinh-manh.html,Trắng,4650000,5950000,Android 13,"Qualcomm SM7435-AB Snapdragon 7s Gen 2 (4 nm)
8 nhân (4x2.40 GHz & 4x1.95 GHz)
GPU: Adreno 710",8.0,128.0,5100.0,"Khung nhựa vuông vức
Mặt lưng kính
Kính trước Corning Gorilla Glass Victus
Cảm biến vân tay dưới màn hình
Kháng nước, bụi IP54",Xiaomi,false,6.67,120.0,500.0,AMOLED,2,Li-Po,67.0,"200.0,8.0,2.0",16.0
Điện thoại Xiaomi Redmi Note 13 Pro 5G (Snapdragon 7s Gen 2),Redmi,12,5.0,1162,https://mobilecity.vn/dien-thoai/xiaomi-redmi-note-13-pro-cau-hinh-manh.html,Trắng,5050000,5950000,Android 13,"Qualcomm SM7435-AB Snapdragon 7s Gen 2 (4 nm)
8 nhân (4x2.40 GHz & 4x1.95 GHz)
GPU: Adreno 710",8.0,128.0,5100.0,"Khung nhựa vuông vức
Mặt lưng kính
Kính trước Corning Gorilla Glass Victus
Cảm biến vân tay dưới màn hình
Kháng nước, bụi IP54",Xiaomi,false,6.67,120.0,500.0,AMOLED,2,Li-Po,67.0,"200.0,8.0,2.0",16.0
"Điện thoại Xiaomi Redmi Note 12 5G (Có tiếng Việt, Snapdragon 4 Gen 1)",Redmi,12,5.0,12,https://mobilecity.vn/dien-thoai/xiaomi-redmi-note-12-5g-snapdragon-4-gen-1.html,Xanh,2550000,3950000,Android 12,"Qualcomm SM4375 Snapdragon 4 Gen 1 (6 nm)
8 nhân (2x2.0 GHz & 6x1.8 GHz)
GPU: Adreno 619",4.0,128.0,5000.0,"Khung nhựa bo cong, mặt lưng nhựa cong
Kháng nước, bụi IP53
Cảm biến vân tay cạnh bên",Xiaomi,false,6.67,120.0,1200.0,OLED,2,Li-Po,33.0,"48.0,2.0",8.0
"Điện thoại Xiaomi Redmi Note 12 5G (Có tiếng Việt, Snapdragon 4 Gen 1)",Redmi,12,5.0,12,https://mobilecity.vn/dien-thoai/xiaomi-redmi-note-12-5g-snapdragon-4-gen-1.html,Xanh,2750000,3950000,Android 12,"Qualcomm SM4375 Snapdragon 4 Gen 1 (6 nm)
8 nhân (2x2.0 GHz & 6x1.8 GHz)
GPU: Adreno 619",4.0,128.0,5000.0,"Khung nhựa bo cong, mặt lưng nhựa cong
Kháng nước, bụi IP53
Cảm biến vân tay cạnh bên",Xiaomi,false,6.67,120.0,1200.0,OLED,2,Li-Po,33.0,"48.0,2.0",8.0
"Điện thoại Xiaomi Redmi Note 12 5G (Có tiếng Việt, Snapdragon 4 Gen 1)",Redmi,12,5.0,12,https://mobilecity.vn/dien-thoai/xiaomi-redmi-note-12-5g-snapdragon-4-gen-1.html,Xanh,2950000,3950000,Android 12,"Qualcomm SM4375 Snapdragon 4 Gen 1 (6 nm)
8 nhân (2x2.0 GHz & 6x1.8 GHz)
GPU: Adreno 619",4.0,128.0,5000.0,"Khung nhựa bo cong, mặt lưng nhựa cong
Kháng nước, bụi IP53
Cảm biến vân tay cạnh bên",Xiaomi,false,6.67,120.0,1200.0,OLED,2,Li-Po,33.0,"48.0,2.0",8.0
"Điện thoại Xiaomi Redmi Note 12 5G (Có tiếng Việt, Snapdragon 4 Gen 1)",Redmi,12,5.0,12,https://mobilecity.vn/dien-thoai/xiaomi-redmi-note-12-5g-snapdragon-4-gen-1.html,Trắng,2550000,3950000,Android 12,"Qualcomm SM4375 Snapdragon 4 Gen 1 (6 nm)
8 nhân (2x2.0 GHz & 6x1.8 GHz)
GPU: Adreno 619",4.0,128.0,5000.0,"Khung nhựa bo cong, mặt lưng nhựa cong
Kháng nước, bụi IP53
Cảm biến vân tay cạnh bên",Xiaomi,false,6.67,120.0,1200.0,OLED,2,Li-Po,33.0,"48.0,2.0",8.0
"Điện thoại Xiaomi Redmi Note 12 5G (Có tiếng Việt, Snapdragon 4 Gen 1)",Redmi,12,5.0,12,https://mobilecity.vn/dien-thoai/xiaomi-redmi-note-12-5g-snapdragon-4-gen-1.html,Trắng,2750000,3950000,Android 12,"Qualcomm SM4375 Snapdragon 4 Gen 1 (6 nm)
8 nhân (2x2.0 GHz & 6x1.8 GHz)
GPU: Adreno 619",4.0,128.0,5000.0,"Khung nhựa bo cong, mặt lưng nhựa cong
Kháng nước, bụi IP53
Cảm biến vân tay cạnh bên",Xiaomi,false,6.67,120.0,1200.0,OLED,2,Li-Po,33.0,"48.0,2.0",8.0
"Điện thoại Xiaomi Redmi Note 12 5G (Có tiếng Việt, Snapdragon 4 Gen 1)",Redmi,12,5.0,12,https://mobilecity.vn/dien-thoai/xiaomi-redmi-note-12-5g-snapdragon-4-gen-1.html,Trắng,2950000,3950000,Android 12,"Qualcomm SM4375 Snapdragon 4 Gen 1 (6 nm)
8 nhân (2x2.0 GHz & 6x1.8 GHz)
GPU: Adreno 619",4.0,128.0,5000.0,"Khung nhựa bo cong, mặt lưng nhựa cong
Kháng nước, bụi IP53
Cảm biến vân tay cạnh bên",Xiaomi,false,6.67,120.0,1200.0,OLED,2,Li-Po,33.0,"48.0,2.0",8.0
"Điện thoại Xiaomi Redmi Note 12 5G (Có tiếng Việt, Snapdragon 4 Gen 1)",Redmi,12,5.0,12,https://mobilecity.vn/dien-thoai/xiaomi-redmi-note-12-5g-snapdragon-4-gen-1.html,Đen,2550000,3950000,Android 12,"Qualcomm SM4375 Snapdragon 4 Gen 1 (6 nm)
8 nhân (2x2.0 GHz & 6x1.8 GHz)
GPU: Adreno 619",4.0,128.0,5000.0,"Khung nhựa bo cong, mặt lưng nhựa cong
Kháng nước, bụi IP53
Cảm biến vân tay cạnh bên",Xiaomi,false,6.67,120.0,1200.0,OLED,2,Li-Po,33.0,"48.0,2.0",8.0
"Điện thoại Xiaomi Redmi Note 12 5G (Có tiếng Việt, Snapdragon 4 Gen 1)",Redmi,12,5.0,12,https://mobilecity.vn/dien-thoai/xiaomi-redmi-note-12-5g-snapdragon-4-gen-1.html,Đen,2750000,3950000,Android 12,"Qualcomm SM4375 Snapdragon 4 Gen 1 (6 nm)
8 nhân (2x2.0 GHz & 6x1.8 GHz)
GPU: Adreno 619",4.0,128.0,5000.0,"Khung nhựa bo cong, mặt lưng nhựa cong
Kháng nước, bụi IP53
Cảm biến vân tay cạnh bên",Xiaomi,false,6.67,120.0,1200.0,OLED,2,Li-Po,33.0,"48.0,2.0",8.0
"Điện thoại Xiaomi Redmi Note 12 5G (Có tiếng Việt, Snapdragon 4 Gen 1)",Redmi,12,5.0,12,https://mobilecity.vn/dien-thoai/xiaomi-redmi-note-12-5g-snapdragon-4-gen-1.html,Đen,2950000,3950000,Android 12,"Qualcomm SM4375 Snapdragon 4 Gen 1 (6 nm)
8 nhân (2x2.0 GHz & 6x1.8 GHz)
GPU: Adreno 619",4.0,128.0,5000.0,"Khung nhựa bo cong, mặt lưng nhựa cong
Kháng nước, bụi IP53
Cảm biến vân tay cạnh bên",Xiaomi,false,6.67,120.0,1200.0,OLED,2,Li-Po,33.0,"48.0,2.0",8.0
Điện thoại Xiaomi Redmi Note 13 Chính hãng DGW (Snapdragon 685),Redmi,12,5.0,21,https://mobilecity.vn/dien-thoai/xiaomi-redmi-note-13-4g.html,Vàng,3650000,4850000,Android 13,"Qualcomm SM6225 Snapdragon 685 (6 nm)
8 nhân (4x2.8 GHz & 4x1.8 GHz)
GPU: Adreno 610",6.0,128.0,5000.0,"Khung nhựa, mặt lưng nhựa
Vuông vức, thời trang
Kháng nước, bụi IP54
Mở khoá vân tay dưới màn hình
Mở khoá khuôn mặt",Xiaomi,false,6.67,120.0,1800.0,AMOLED,2,Li-Po,33.0,"108.0,8.0,2.0",16.0
Điện thoại Xiaomi Redmi Note 13 Chính hãng DGW (Snapdragon 685),Redmi,12,5.0,21,https://mobilecity.vn/dien-thoai/xiaomi-redmi-note-13-4g.html,Vàng,3950000,4850000,Android 13,"Qualcomm SM6225 Snapdragon 685 (6 nm)
8 nhân (4x2.8 GHz & 4x1.8 GHz)
GPU: Adreno 610",6.0,128.0,5000.0,"Khung nhựa, mặt lưng nhựa
Vuông vức, thời trang
Kháng nước, bụi IP54
Mở khoá vân tay dưới màn hình
Mở khoá khuôn mặt",Xiaomi,false,6.67,120.0,1800.0,AMOLED,2,Li-Po,33.0,"108.0,8.0,2.0",16.0
Điện thoại Xiaomi Redmi Note 13 Chính hãng DGW (Snapdragon 685),Redmi,12,5.0,21,https://mobilecity.vn/dien-thoai/xiaomi-redmi-note-13-4g.html,Xanh lá,3650000,4850000,Android 13,"Qualcomm SM6225 Snapdragon 685 (6 nm)
8 nhân (4x2.8 GHz & 4x1.8 GHz)
GPU: Adreno 610",6.0,128.0,5000.0,"Khung nhựa, mặt lưng nhựa
Vuông vức, thời trang
Kháng nước, bụi IP54
Mở khoá vân tay dưới màn hình
Mở khoá khuôn mặt",Xiaomi,false,6.67,120.0,1800.0,AMOLED,2,Li-Po,33.0,"108.0,8.0,2.0",16.0
Điện thoại Xiaomi Redmi Note 13 Chính hãng DGW (Snapdragon 685),Redmi,12,5.0,21,https://mobilecity.vn/dien-thoai/xiaomi-redmi-note-13-4g.html,Xanh lá,3950000,4850000,Android 13,"Qualcomm SM6225 Snapdragon 685 (6 nm)
8 nhân (4x2.8 GHz & 4x1.8 GHz)
GPU: Adreno 610",6.0,128.0,5000.0,"Khung nhựa, mặt lưng nhựa
Vuông vức, thời trang
Kháng nước, bụi IP54
Mở khoá vân tay dưới màn hình
Mở khoá khuôn mặt",Xiaomi,false,6.67,120.0,1800.0,AMOLED,2,Li-Po,33.0,"108.0,8.0,2.0",16.0
Điện thoại Xiaomi Redmi Note 13 Chính hãng DGW (Snapdragon 685),Redmi,12,5.0,21,https://mobilecity.vn/dien-thoai/xiaomi-redmi-note-13-4g.html,Đen,3650000,4850000,Android 13,"Qualcomm SM6225 Snapdragon 685 (6 nm)
8 nhân (4x2.8 GHz & 4x1.8 GHz)
GPU: Adreno 610",6.0,128.0,5000.0,"Khung nhựa, mặt lưng nhựa
Vuông vức, thời trang
Kháng nước, bụi IP54
Mở khoá vân tay dưới màn hình
Mở khoá khuôn mặt",Xiaomi,false,6.67,120.0,1800.0,AMOLED,2,Li-Po,33.0,"108.0,8.0,2.0",16.0
Điện thoại Xiaomi Redmi Note 13 Chính hãng DGW (Snapdragon 685),Redmi,12,5.0,21,https://mobilecity.vn/dien-thoai/xiaomi-redmi-note-13-4g.html,Đen,3950000,4850000,Android 13,"Qualcomm SM6225 Snapdragon 685 (6 nm)
8 nhân (4x2.8 GHz & 4x1.8 GHz)
GPU: Adreno 610",6.0,128.0,5000.0,"Khung nhựa, mặt lưng nhựa
Vuông vức, thời trang
Kháng nước, bụi IP54
Mở khoá vân tay dưới màn hình
Mở khoá khuôn mặt",Xiaomi,false,6.67,120.0,1800.0,AMOLED,2,Li-Po,33.0,"108.0,8.0,2.0",16.0
Điện thoại Xiaomi Redmi Note 13 Chính hãng DGW (Snapdragon 685),Redmi,12,5.0,21,https://mobilecity.vn/dien-thoai/xiaomi-redmi-note-13-4g.html,Xanh dương,3650000,4850000,Android 13,"Qualcomm SM6225 Snapdragon 685 (6 nm)
8 nhân (4x2.8 GHz & 4x1.8 GHz)
GPU: Adreno 610",6.0,128.0,5000.0,"Khung nhựa, mặt lưng nhựa
Vuông vức, thời trang
Kháng nước, bụi IP54
Mở khoá vân tay dưới màn hình
Mở khoá khuôn mặt",Xiaomi,false,6.67,120.0,1800.0,AMOLED,2,Li-Po,33.0,"108.0,8.0,2.0",16.0
Điện thoại Xiaomi Redmi Note 13 Chính hãng DGW (Snapdragon 685),Redmi,12,5.0,21,https://mobilecity.vn/dien-thoai/xiaomi-redmi-note-13-4g.html,Xanh dương,3950000,4850000,Android 13,"Qualcomm SM6225 Snapdragon 685 (6 nm)
8 nhân (4x2.8 GHz & 4x1.8 GHz)
GPU: Adreno 610",6.0,128.0,5000.0,"Khung nhựa, mặt lưng nhựa
Vuông vức, thời trang
Kháng nước, bụi IP54
Mở khoá vân tay dưới màn hình
Mở khoá khuôn mặt",Xiaomi,false,6.67,120.0,1800.0,AMOLED,2,Li-Po,33.0,"108.0,8.0,2.0",16.0
Điện thoại Xiaomi Redmi Note 12 Discovery Edition,Redmi,12,5.0,29,https://mobilecity.vn/dien-thoai/xiaomi-redmi-note-12-discovery-edition.html,Đen,3450000,4950000,Android 12,"Dimensity 1080 (6nm)
8 nhân (1x2.6GHz & 3x2.2GHz & 3x1.8GHz)
GPU: Mali-G68",8.0,256.0,4300.0,Thanh + Cảm ứng,Xiaomi,false,6.67,120.0,,OLED,2,Li-Po,210.0,"200.0,8.0,2.0",16.0
Điện thoại Xiaomi Redmi Note 12 Discovery Edition,Redmi,12,5.0,29,https://mobilecity.vn/dien-thoai/xiaomi-redmi-note-12-discovery-edition.html,Trắng,3450000,4950000,Android 12,"Dimensity 1080 (6nm)
8 nhân (1x2.6GHz & 3x2.2GHz & 3x1.8GHz)
GPU: Mali-G68",8.0,256.0,4300.0,Thanh + Cảm ứng,Xiaomi,false,6.67,120.0,,OLED,2,Li-Po,210.0,"200.0,8.0,2.0",16.0
Điện thoại Xiaomi Redmi Note 12 Discovery Edition,Redmi,12,5.0,29,https://mobilecity.vn/dien-thoai/xiaomi-redmi-note-12-discovery-edition.html,Xanh,3450000,4950000,Android 12,"Dimensity 1080 (6nm)
8 nhân (1x2.6GHz & 3x2.2GHz & 3x1.8GHz)
GPU: Mali-G68",8.0,256.0,4300.0,Thanh + Cảm ứng,Xiaomi,false,6.67,120.0,,OLED,2,Li-Po,210.0,"200.0,8.0,2.0",16.0
Điện thoại Vivo iQOO Z9x 5G (pin 6000mAh),Vivo,12,5.0,53,https://mobilecity.vn/dien-thoai/vivo-iqoo-z9x-5g.html,Xanh,3350000,4950000,Android 14,"Qualcomm SM6450 Snapdragon 6 Gen 1 (4 nm)
8 nhân (4x2.2 GHz & 4x1.8 GHz)
GPU: Adreno 710",8.0,128.0,6000.0,"Khung nhựa vuông vức
Măt lưng nhựa phẳng; Màn hình phẳng
Kháng nước, chống bụi IP64",Vivo,false,6.72,120.0,1000.0,LCD,2,"",44.0,"50.0,2.0",8.0
Điện thoại Vivo iQOO Z9x 5G (pin 6000mAh),Vivo,12,5.0,53,https://mobilecity.vn/dien-thoai/vivo-iqoo-z9x-5g.html,Xanh,3750000,4950000,Android 14,"Qualcomm SM6450 Snapdragon 6 Gen 1 (4 nm)
8 nhân (4x2.2 GHz & 4x1.8 GHz)
GPU: Adreno 710",8.0,128.0,6000.0,"Khung nhựa vuông vức
Măt lưng nhựa phẳng; Màn hình phẳng
Kháng nước, chống bụi IP64",Vivo,false,6.72,120.0,1000.0,LCD,2,"",44.0,"50.0,2.0",8.0
Điện thoại Vivo iQOO Z9x 5G (pin 6000mAh),Vivo,12,5.0,53,https://mobilecity.vn/dien-thoai/vivo-iqoo-z9x-5g.html,Xanh,4150000,4950000,Android 14,"Qualcomm SM6450 Snapdragon 6 Gen 1 (4 nm)
8 nhân (4x2.2 GHz & 4x1.8 GHz)
GPU: Adreno 710",8.0,128.0,6000.0,"Khung nhựa vuông vức
Măt lưng nhựa phẳng; Màn hình phẳng
Kháng nước, chống bụi IP64",Vivo,false,6.72,120.0,1000.0,LCD,2,"",44.0,"50.0,2.0",8.0
Điện thoại Vivo iQOO Z9x 5G (pin 6000mAh),Vivo,12,5.0,53,https://mobilecity.vn/dien-thoai/vivo-iqoo-z9x-5g.html,Trắng,3350000,4950000,Android 14,"Qualcomm SM6450 Snapdragon 6 Gen 1 (4 nm)
8 nhân (4x2.2 GHz & 4x1.8 GHz)
GPU: Adreno 710",8.0,128.0,6000.0,"Khung nhựa vuông vức
Măt lưng nhựa phẳng; Màn hình phẳng
Kháng nước, chống bụi IP64",Vivo,false,6.72,120.0,1000.0,LCD,2,"",44.0,"50.0,2.0",8.0
Điện thoại Vivo iQOO Z9x 5G (pin 6000mAh),Vivo,12,5.0,53,https://mobilecity.vn/dien-thoai/vivo-iqoo-z9x-5g.html,Trắng,3750000,4950000,Android 14,"Qualcomm SM6450 Snapdragon 6 Gen 1 (4 nm)
8 nhân (4x2.2 GHz & 4x1.8 GHz)
GPU: Adreno 710",8.0,128.0,6000.0,"Khung nhựa vuông vức
Măt lưng nhựa phẳng; Màn hình phẳng
Kháng nước, chống bụi IP64",Vivo,false,6.72,120.0,1000.0,LCD,2,"",44.0,"50.0,2.0",8.0
Điện thoại Vivo iQOO Z9x 5G (pin 6000mAh),Vivo,12,5.0,53,https://mobilecity.vn/dien-thoai/vivo-iqoo-z9x-5g.html,Trắng,4150000,4950000,Android 14,"Qualcomm SM6450 Snapdragon 6 Gen 1 (4 nm)
8 nhân (4x2.2 GHz & 4x1.8 GHz)
GPU: Adreno 710",8.0,128.0,6000.0,"Khung nhựa vuông vức
Măt lưng nhựa phẳng; Màn hình phẳng
Kháng nước, chống bụi IP64",Vivo,false,6.72,120.0,1000.0,LCD,2,"",44.0,"50.0,2.0",8.0
Điện thoại Vivo iQOO Z9x 5G (pin 6000mAh),Vivo,12,5.0,53,https://mobilecity.vn/dien-thoai/vivo-iqoo-z9x-5g.html,Đen,3350000,4950000,Android 14,"Qualcomm SM6450 Snapdragon 6 Gen 1 (4 nm)
8 nhân (4x2.2 GHz & 4x1.8 GHz)
GPU: Adreno 710",8.0,128.0,6000.0,"Khung nhựa vuông vức
Măt lưng nhựa phẳng; Màn hình phẳng
Kháng nước, chống bụi IP64",Vivo,false,6.72,120.0,1000.0,LCD,2,"",44.0,"50.0,2.0",8.0
Điện thoại Vivo iQOO Z9x 5G (pin 6000mAh),Vivo,12,5.0,53,https://mobilecity.vn/dien-thoai/vivo-iqoo-z9x-5g.html,Đen,3750000,4950000,Android 14,"Qualcomm SM6450 Snapdragon 6 Gen 1 (4 nm)
8 nhân (4x2.2 GHz & 4x1.8 GHz)
GPU: Adreno 710",8.0,128.0,6000.0,"Khung nhựa vuông vức
Măt lưng nhựa phẳng; Màn hình phẳng
Kháng nước, chống bụi IP64",Vivo,false,6.72,120.0,1000.0,LCD,2,"",44.0,"50.0,2.0",8.0
Điện thoại Vivo iQOO Z9x 5G (pin 6000mAh),Vivo,12,5.0,53,https://mobilecity.vn/dien-thoai/vivo-iqoo-z9x-5g.html,Đen,4150000,4950000,Android 14,"Qualcomm SM6450 Snapdragon 6 Gen 1 (4 nm)
8 nhân (4x2.2 GHz & 4x1.8 GHz)
GPU: Adreno 710",8.0,128.0,6000.0,"Khung nhựa vuông vức
Măt lưng nhựa phẳng; Màn hình phẳng
Kháng nước, chống bụi IP64",Vivo,false,6.72,120.0,1000.0,LCD,2,"",44.0,"50.0,2.0",8.0
"Điện thoại iPhone 11 cũ (Chính hãng, Rẻ hơn 36%)",iPhone Cũ 99%,12,5.0,991,https://mobilecity.vn/apple/iphone-11-cu.html,Vàng,5250000,7950000,iOS 13,"Apple A13 Bionic (7 nm+)
6 nhân (2x2.65 GHz + 4x1.8 GHz)
GPU: Apple GPU (4-core graphics)",4.0,64.0,3110.0,Thiết kế nguyên 2 mặt kính,iPhone,true,6.1,,625.0,LCD,2,Li-Ion,18.0,"12.0,12.0",12.0
"Điện thoại iPhone 11 cũ (Chính hãng, Rẻ hơn 36%)",iPhone Cũ 99%,12,5.0,991,https://mobilecity.vn/apple/iphone-11-cu.html,Vàng,5650000,7950000,iOS 13,"Apple A13 Bionic (7 nm+)
6 nhân (2x2.65 GHz + 4x1.8 GHz)
GPU: Apple GPU (4-core graphics)",4.0,64.0,3110.0,Thiết kế nguyên 2 mặt kính,iPhone,true,6.1,,625.0,LCD,2,Li-Ion,18.0,"12.0,12.0",12.0
"Điện thoại iPhone 11 cũ (Chính hãng, Rẻ hơn 36%)",iPhone Cũ 99%,12,5.0,991,https://mobilecity.vn/apple/iphone-11-cu.html,Vàng,5850000,7950000,iOS 13,"Apple A13 Bionic (7 nm+)
6 nhân (2x2.65 GHz + 4x1.8 GHz)
GPU: Apple GPU (4-core graphics)",4.0,64.0,3110.0,Thiết kế nguyên 2 mặt kính,iPhone,true,6.1,,625.0,LCD,2,Li-Ion,18.0,"12.0,12.0",12.0
"Điện thoại iPhone 11 cũ (Chính hãng, Rẻ hơn 36%)",iPhone Cũ 99%,12,5.0,991,https://mobilecity.vn/apple/iphone-11-cu.html,Đỏ,5250000,7950000,iOS 13,"Apple A13 Bionic (7 nm+)
6 nhân (2x2.65 GHz + 4x1.8 GHz)
GPU: Apple GPU (4-core graphics)",4.0,64.0,3110.0,Thiết kế nguyên 2 mặt kính,iPhone,true,6.1,,625.0,LCD,2,Li-Ion,18.0,"12.0,12.0",12.0
"Điện thoại iPhone 11 cũ (Chính hãng, Rẻ hơn 36%)",iPhone Cũ 99%,12,5.0,991,https://mobilecity.vn/apple/iphone-11-cu.html,Đỏ,5650000,7950000,iOS 13,"Apple A13 Bionic (7 nm+)
6 nhân (2x2.65 GHz + 4x1.8 GHz)
GPU: Apple GPU (4-core graphics)",4.0,64.0,3110.0,Thiết kế nguyên 2 mặt kính,iPhone,true,6.1,,625.0,LCD,2,Li-Ion,18.0,"12.0,12.0",12.0
"Điện thoại iPhone 11 cũ (Chính hãng, Rẻ hơn 36%)",iPhone Cũ 99%,12,5.0,991,https://mobilecity.vn/apple/iphone-11-cu.html,Đỏ,5850000,7950000,iOS 13,"Apple A13 Bionic (7 nm+)
6 nhân (2x2.65 GHz + 4x1.8 GHz)
GPU: Apple GPU (4-core graphics)",4.0,64.0,3110.0,Thiết kế nguyên 2 mặt kính,iPhone,true,6.1,,625.0,LCD,2,Li-Ion,18.0,"12.0,12.0",12.0
"Điện thoại iPhone 11 cũ (Chính hãng, Rẻ hơn 36%)",iPhone Cũ 99%,12,5.0,991,https://mobilecity.vn/apple/iphone-11-cu.html,Đen,5350000,7950000,iOS 13,"Apple A13 Bionic (7 nm+)
6 nhân (2x2.65 GHz + 4x1.8 GHz)
GPU: Apple GPU (4-core graphics)",4.0,64.0,3110.0,Thiết kế nguyên 2 mặt kính,iPhone,true,6.1,,625.0,LCD,2,Li-Ion,18.0,"12.0,12.0",12.0
"Điện thoại iPhone 11 cũ (Chính hãng, Rẻ hơn 36%)",iPhone Cũ 99%,12,5.0,991,https://mobilecity.vn/apple/iphone-11-cu.html,Đen,5650000,7950000,iOS 13,"Apple A13 Bionic (7 nm+)
6 nhân (2x2.65 GHz + 4x1.8 GHz)
GPU: Apple GPU (4-core graphics)",4.0,64.0,3110.0,Thiết kế nguyên 2 mặt kính,iPhone,true,6.1,,625.0,LCD,2,Li-Ion,18.0,"12.0,12.0",12.0
"Điện thoại iPhone 11 cũ (Chính hãng, Rẻ hơn 36%)",iPhone Cũ 99%,12,5.0,991,https://mobilecity.vn/apple/iphone-11-cu.html,Đen,5950000,7950000,iOS 13,"Apple A13 Bionic (7 nm+)
6 nhân (2x2.65 GHz + 4x1.8 GHz)
GPU: Apple GPU (4-core graphics)",4.0,64.0,3110.0,Thiết kế nguyên 2 mặt kính,iPhone,true,6.1,,625.0,LCD,2,Li-Ion,18.0,"12.0,12.0",12.0
"Điện thoại iPhone 11 cũ (Chính hãng, Rẻ hơn 36%)",iPhone Cũ 99%,12,5.0,991,https://mobilecity.vn/apple/iphone-11-cu.html,Xanh,5350000,7950000,iOS 13,"Apple A13 Bionic (7 nm+)
6 nhân (2x2.65 GHz + 4x1.8 GHz)
GPU: Apple GPU (4-core graphics)",4.0,64.0,3110.0,Thiết kế nguyên 2 mặt kính,iPhone,true,6.1,,625.0,LCD,2,Li-Ion,18.0,"12.0,12.0",12.0
"Điện thoại iPhone 11 cũ (Chính hãng, Rẻ hơn 36%)",iPhone Cũ 99%,12,5.0,991,https://mobilecity.vn/apple/iphone-11-cu.html,Xanh,5650000,7950000,iOS 13,"Apple A13 Bionic (7 nm+)
6 nhân (2x2.65 GHz + 4x1.8 GHz)
GPU: Apple GPU (4-core graphics)",4.0,64.0,3110.0,Thiết kế nguyên 2 mặt kính,iPhone,true,6.1,,625.0,LCD,2,Li-Ion,18.0,"12.0,12.0",12.0
"Điện thoại iPhone 11 cũ (Chính hãng, Rẻ hơn 36%)",iPhone Cũ 99%,12,5.0,991,https://mobilecity.vn/apple/iphone-11-cu.html,Xanh,5950000,7950000,iOS 13,"Apple A13 Bionic (7 nm+)
6 nhân (2x2.65 GHz + 4x1.8 GHz)
GPU: Apple GPU (4-core graphics)",4.0,64.0,3110.0,Thiết kế nguyên 2 mặt kính,iPhone,true,6.1,,625.0,LCD,2,Li-Ion,18.0,"12.0,12.0",12.0
"Điện thoại iPhone 11 cũ (Chính hãng, Rẻ hơn 36%)",iPhone Cũ 99%,12,5.0,991,https://mobilecity.vn/apple/iphone-11-cu.html,Tím,5350000,7950000,iOS 13,"Apple A13 Bionic (7 nm+)
6 nhân (2x2.65 GHz + 4x1.8 GHz)
GPU: Apple GPU (4-core graphics)",4.0,64.0,3110.0,Thiết kế nguyên 2 mặt kính,iPhone,true,6.1,,625.0,LCD,2,Li-Ion,18.0,"12.0,12.0",12.0
"Điện thoại iPhone 11 cũ (Chính hãng, Rẻ hơn 36%)",iPhone Cũ 99%,12,5.0,991,https://mobilecity.vn/apple/iphone-11-cu.html,Tím,5650000,7950000,iOS 13,"Apple A13 Bionic (7 nm+)
6 nhân (2x2.65 GHz + 4x1.8 GHz)
GPU: Apple GPU (4-core graphics)",4.0,64.0,3110.0,Thiết kế nguyên 2 mặt kính,iPhone,true,6.1,,625.0,LCD,2,Li-Ion,18.0,"12.0,12.0",12.0
"Điện thoại iPhone 11 cũ (Chính hãng, Rẻ hơn 36%)",iPhone Cũ 99%,12,5.0,991,https://mobilecity.vn/apple/iphone-11-cu.html,Tím,5950000,7950000,iOS 13,"Apple A13 Bionic (7 nm+)
6 nhân (2x2.65 GHz + 4x1.8 GHz)
GPU: Apple GPU (4-core graphics)",4.0,64.0,3110.0,Thiết kế nguyên 2 mặt kính,iPhone,true,6.1,,625.0,LCD,2,Li-Ion,18.0,"12.0,12.0",12.0
"Điện thoại iPhone 11 cũ (Chính hãng, Rẻ hơn 36%)",iPhone Cũ 99%,12,5.0,991,https://mobilecity.vn/apple/iphone-11-cu.html,Trắng,5350000,7950000,iOS 13,"Apple A13 Bionic (7 nm+)
6 nhân (2x2.65 GHz + 4x1.8 GHz)
GPU: Apple GPU (4-core graphics)",4.0,64.0,3110.0,Thiết kế nguyên 2 mặt kính,iPhone,true,6.1,,625.0,LCD,2,Li-Ion,18.0,"12.0,12.0",12.0
"Điện thoại iPhone 11 cũ (Chính hãng, Rẻ hơn 36%)",iPhone Cũ 99%,12,5.0,991,https://mobilecity.vn/apple/iphone-11-cu.html,Trắng,5650000,7950000,iOS 13,"Apple A13 Bionic (7 nm+)
6 nhân (2x2.65 GHz + 4x1.8 GHz)
GPU: Apple GPU (4-core graphics)",4.0,64.0,3110.0,Thiết kế nguyên 2 mặt kính,iPhone,true,6.1,,625.0,LCD,2,Li-Ion,18.0,"12.0,12.0",12.0
"Điện thoại iPhone 11 cũ (Chính hãng, Rẻ hơn 36%)",iPhone Cũ 99%,12,5.0,991,https://mobilecity.vn/apple/iphone-11-cu.html,Trắng,5950000,7950000,iOS 13,"Apple A13 Bionic (7 nm+)
6 nhân (2x2.65 GHz + 4x1.8 GHz)
GPU: Apple GPU (4-core graphics)",4.0,64.0,3110.0,Thiết kế nguyên 2 mặt kính,iPhone,true,6.1,,625.0,LCD,2,Li-Ion,18.0,"12.0,12.0",12.0
Điện thoại Vivo iQOO Z9 5G (Snapdragon 7 Gen 3),Vivo,12,5.0,183,https://mobilecity.vn/dien-thoai/vivo-iqoo-z9-5g-snapdragon-7-gen-3.html,Xanh,4450000,5950000,Android 14,"Qualcomm Snapdragon 7 Gen 3 (4 nm)
8 nhân (1x2.63 GHz & 4x2.4 GHz & 3x1.8 GHz)
GPU: Adreno 720",8.0,128.0,6000.0,"Khung nhựa vuông vức
Mặt lưng nhựa cong nhẹ
Kháng nước, bụi IP64
Cảm biến vân tay dưới màn hình",Vivo,false,6.78,144.0,4500.0,AMOLED,2,"",80.0,"50.0,2.0",16.0
Điện thoại Vivo iQOO Z9 5G (Snapdragon 7 Gen 3),Vivo,12,5.0,183,https://mobilecity.vn/dien-thoai/vivo-iqoo-z9-5g-snapdragon-7-gen-3.html,Xanh,4750000,5950000,Android 14,"Qualcomm Snapdragon 7 Gen 3 (4 nm)
8 nhân (1x2.63 GHz & 4x2.4 GHz & 3x1.8 GHz)
GPU: Adreno 720",8.0,128.0,6000.0,"Khung nhựa vuông vức
Mặt lưng nhựa cong nhẹ
Kháng nước, bụi IP64
Cảm biến vân tay dưới màn hình",Vivo,false,6.78,144.0,4500.0,AMOLED,2,"",80.0,"50.0,2.0",16.0
Điện thoại Vivo iQOO Z9 5G (Snapdragon 7 Gen 3),Vivo,12,5.0,183,https://mobilecity.vn/dien-thoai/vivo-iqoo-z9-5g-snapdragon-7-gen-3.html,Xanh,5050000,5950000,Android 14,"Qualcomm Snapdragon 7 Gen 3 (4 nm)
8 nhân (1x2.63 GHz & 4x2.4 GHz & 3x1.8 GHz)
GPU: Adreno 720",8.0,128.0,6000.0,"Khung nhựa vuông vức
Mặt lưng nhựa cong nhẹ
Kháng nước, bụi IP64
Cảm biến vân tay dưới màn hình",Vivo,false,6.78,144.0,4500.0,AMOLED,2,"",80.0,"50.0,2.0",16.0
Điện thoại Vivo iQOO Z9 5G (Snapdragon 7 Gen 3),Vivo,12,5.0,183,https://mobilecity.vn/dien-thoai/vivo-iqoo-z9-5g-snapdragon-7-gen-3.html,Đen,4550000,5950000,Android 14,"Qualcomm Snapdragon 7 Gen 3 (4 nm)
8 nhân (1x2.63 GHz & 4x2.4 GHz & 3x1.8 GHz)
GPU: Adreno 720",8.0,128.0,6000.0,"Khung nhựa vuông vức
Mặt lưng nhựa cong nhẹ
Kháng nước, bụi IP64
Cảm biến vân tay dưới màn hình",Vivo,false,6.78,144.0,4500.0,AMOLED,2,"",80.0,"50.0,2.0",16.0
Điện thoại Vivo iQOO Z9 5G (Snapdragon 7 Gen 3),Vivo,12,5.0,183,https://mobilecity.vn/dien-thoai/vivo-iqoo-z9-5g-snapdragon-7-gen-3.html,Đen,4750000,5950000,Android 14,"Qualcomm Snapdragon 7 Gen 3 (4 nm)
8 nhân (1x2.63 GHz & 4x2.4 GHz & 3x1.8 GHz)
GPU: Adreno 720",8.0,128.0,6000.0,"Khung nhựa vuông vức
Mặt lưng nhựa cong nhẹ
Kháng nước, bụi IP64
Cảm biến vân tay dưới màn hình",Vivo,false,6.78,144.0,4500.0,AMOLED,2,"",80.0,"50.0,2.0",16.0
Điện thoại Vivo iQOO Z9 5G (Snapdragon 7 Gen 3),Vivo,12,5.0,183,https://mobilecity.vn/dien-thoai/vivo-iqoo-z9-5g-snapdragon-7-gen-3.html,Đen,5150000,5950000,Android 14,"Qualcomm Snapdragon 7 Gen 3 (4 nm)
8 nhân (1x2.63 GHz & 4x2.4 GHz & 3x1.8 GHz)
GPU: Adreno 720",8.0,128.0,6000.0,"Khung nhựa vuông vức
Mặt lưng nhựa cong nhẹ
Kháng nước, bụi IP64
Cảm biến vân tay dưới màn hình",Vivo,false,6.78,144.0,4500.0,AMOLED,2,"",80.0,"50.0,2.0",16.0
Điện thoại Vivo iQOO Z9 5G (Snapdragon 7 Gen 3),Vivo,12,5.0,183,https://mobilecity.vn/dien-thoai/vivo-iqoo-z9-5g-snapdragon-7-gen-3.html,Trắng,4550000,5950000,Android 14,"Qualcomm Snapdragon 7 Gen 3 (4 nm)
8 nhân (1x2.63 GHz & 4x2.4 GHz & 3x1.8 GHz)
GPU: Adreno 720",8.0,128.0,6000.0,"Khung nhựa vuông vức
Mặt lưng nhựa cong nhẹ
Kháng nước, bụi IP64
Cảm biến vân tay dưới màn hình",Vivo,false,6.78,144.0,4500.0,AMOLED,2,"",80.0,"50.0,2.0",16.0
Điện thoại Vivo iQOO Z9 5G (Snapdragon 7 Gen 3),Vivo,12,5.0,183,https://mobilecity.vn/dien-thoai/vivo-iqoo-z9-5g-snapdragon-7-gen-3.html,Trắng,4750000,5950000,Android 14,"Qualcomm Snapdragon 7 Gen 3 (4 nm)
8 nhân (1x2.63 GHz & 4x2.4 GHz & 3x1.8 GHz)
GPU: Adreno 720",8.0,128.0,6000.0,"Khung nhựa vuông vức
Mặt lưng nhựa cong nhẹ
Kháng nước, bụi IP64
Cảm biến vân tay dưới màn hình",Vivo,false,6.78,144.0,4500.0,AMOLED,2,"",80.0,"50.0,2.0",16.0
Điện thoại Vivo iQOO Z9 5G (Snapdragon 7 Gen 3),Vivo,12,5.0,183,https://mobilecity.vn/dien-thoai/vivo-iqoo-z9-5g-snapdragon-7-gen-3.html,Trắng,5150000,5950000,Android 14,"Qualcomm Snapdragon 7 Gen 3 (4 nm)
8 nhân (1x2.63 GHz & 4x2.4 GHz & 3x1.8 GHz)
GPU: Adreno 720",8.0,128.0,6000.0,"Khung nhựa vuông vức
Mặt lưng nhựa cong nhẹ
Kháng nước, bụi IP64
Cảm biến vân tay dưới màn hình",Vivo,false,6.78,144.0,4500.0,AMOLED,2,"",80.0,"50.0,2.0",16.0
Điện thoại Xiaomi Redmi Note 13 5G China (Dimensity 6080),Redmi,12,4.9,107,https://mobilecity.vn/dien-thoai/xiaomi-redmi-note-13-gia-re.html,Xanh,2950000,4950000,Android 13,"Mediatek Dimensity 6080 (6 nm)
8 nhân (2x2.4 GHz & 6x2.0 GHz)
GPU: Mali-G57 MC2",6.0,128.0,5000.0,"Khung nhựa vuông vức
Mặt lưng nhựa
Kính trước Corning Gorilla Glass 5
Kháng nước, bụi IP54",Xiaomi,false,6.67,120.0,1000.0,AMOLED,2,Li-Po,33.0,"108.0,2.0",16.0
Điện thoại Xiaomi Redmi Note 13 5G China (Dimensity 6080),Redmi,12,4.9,107,https://mobilecity.vn/dien-thoai/xiaomi-redmi-note-13-gia-re.html,Xanh,3150000,4950000,Android 13,"Mediatek Dimensity 6080 (6 nm)
8 nhân (2x2.4 GHz & 6x2.0 GHz)
GPU: Mali-G57 MC2",6.0,128.0,5000.0,"Khung nhựa vuông vức
Mặt lưng nhựa
Kính trước Corning Gorilla Glass 5
Kháng nước, bụi IP54",Xiaomi,false,6.67,120.0,1000.0,AMOLED,2,Li-Po,33.0,"108.0,2.0",16.0
Điện thoại Xiaomi Redmi Note 13 5G China (Dimensity 6080),Redmi,12,4.9,107,https://mobilecity.vn/dien-thoai/xiaomi-redmi-note-13-gia-re.html,Xanh,3450000,4950000,Android 13,"Mediatek Dimensity 6080 (6 nm)
8 nhân (2x2.4 GHz & 6x2.0 GHz)
GPU: Mali-G57 MC2",6.0,128.0,5000.0,"Khung nhựa vuông vức
Mặt lưng nhựa
Kính trước Corning Gorilla Glass 5
Kháng nước, bụi IP54",Xiaomi,false,6.67,120.0,1000.0,AMOLED,2,Li-Po,33.0,"108.0,2.0",16.0
Điện thoại Xiaomi Redmi Note 13 5G China (Dimensity 6080),Redmi,12,4.9,107,https://mobilecity.vn/dien-thoai/xiaomi-redmi-note-13-gia-re.html,Trắng,3050000,4950000,Android 13,"Mediatek Dimensity 6080 (6 nm)
8 nhân (2x2.4 GHz & 6x2.0 GHz)
GPU: Mali-G57 MC2",6.0,128.0,5000.0,"Khung nhựa vuông vức
Mặt lưng nhựa
Kính trước Corning Gorilla Glass 5
Kháng nước, bụi IP54",Xiaomi,false,6.67,120.0,1000.0,AMOLED,2,Li-Po,33.0,"108.0,2.0",16.0
Điện thoại Xiaomi Redmi Note 13 5G China (Dimensity 6080),Redmi,12,4.9,107,https://mobilecity.vn/dien-thoai/xiaomi-redmi-note-13-gia-re.html,Trắng,3150000,4950000,Android 13,"Mediatek Dimensity 6080 (6 nm)
8 nhân (2x2.4 GHz & 6x2.0 GHz)
GPU: Mali-G57 MC2",6.0,128.0,5000.0,"Khung nhựa vuông vức
Mặt lưng nhựa
Kính trước Corning Gorilla Glass 5
Kháng nước, bụi IP54",Xiaomi,false,6.67,120.0,1000.0,AMOLED,2,Li-Po,33.0,"108.0,2.0",16.0
Điện thoại Xiaomi Redmi Note 13 5G China (Dimensity 6080),Redmi,12,4.9,107,https://mobilecity.vn/dien-thoai/xiaomi-redmi-note-13-gia-re.html,Trắng,3550000,4950000,Android 13,"Mediatek Dimensity 6080 (6 nm)
8 nhân (2x2.4 GHz & 6x2.0 GHz)
GPU: Mali-G57 MC2",6.0,128.0,5000.0,"Khung nhựa vuông vức
Mặt lưng nhựa
Kính trước Corning Gorilla Glass 5
Kháng nước, bụi IP54",Xiaomi,false,6.67,120.0,1000.0,AMOLED,2,Li-Po,33.0,"108.0,2.0",16.0
Điện thoại Xiaomi Redmi Note 13 5G China (Dimensity 6080),Redmi,12,4.9,107,https://mobilecity.vn/dien-thoai/xiaomi-redmi-note-13-gia-re.html,Đen,3050000,4950000,Android 13,"Mediatek Dimensity 6080 (6 nm)
8 nhân (2x2.4 GHz & 6x2.0 GHz)
GPU: Mali-G57 MC2",6.0,128.0,5000.0,"Khung nhựa vuông vức
Mặt lưng nhựa
Kính trước Corning Gorilla Glass 5
Kháng nước, bụi IP54",Xiaomi,false,6.67,120.0,1000.0,AMOLED,2,Li-Po,33.0,"108.0,2.0",16.0
Điện thoại Xiaomi Redmi Note 13 5G China (Dimensity 6080),Redmi,12,4.9,107,https://mobilecity.vn/dien-thoai/xiaomi-redmi-note-13-gia-re.html,Đen,3150000,4950000,Android 13,"Mediatek Dimensity 6080 (6 nm)
8 nhân (2x2.4 GHz & 6x2.0 GHz)
GPU: Mali-G57 MC2",6.0,128.0,5000.0,"Khung nhựa vuông vức
Mặt lưng nhựa
Kính trước Corning Gorilla Glass 5
Kháng nước, bụi IP54",Xiaomi,false,6.67,120.0,1000.0,AMOLED,2,Li-Po,33.0,"108.0,2.0",16.0
Điện thoại Xiaomi Redmi Note 13 5G China (Dimensity 6080),Redmi,12,4.9,107,https://mobilecity.vn/dien-thoai/xiaomi-redmi-note-13-gia-re.html,Đen,3550000,4950000,Android 13,"Mediatek Dimensity 6080 (6 nm)
8 nhân (2x2.4 GHz & 6x2.0 GHz)
GPU: Mali-G57 MC2",6.0,128.0,5000.0,"Khung nhựa vuông vức
Mặt lưng nhựa
Kính trước Corning Gorilla Glass 5
Kháng nước, bụi IP54",Xiaomi,false,6.67,120.0,1000.0,AMOLED,2,Li-Po,33.0,"108.0,2.0",16.0
Điện thoại Xiaomi Redmi Note 14 Pro 5G (Dimensity 7300 Ultra),Redmi,12,5.0,111,https://mobilecity.vn/dien-thoai/xiaomi-redmi-note-14-pro-5g.html,Tím,4650000,5950000,Android 14,"MediaTek Dimensity 7300 Ultra (4 nm)
8 nhân (4x2.5 GHz & 4x2.0 GHz)
GPU: Mali-G615 MC2",8.0,128.0,5500.0,"Khung nhựa bo cong
Mặt lưng nhựa bo cong giả kính/ giả da
Màn hình cong + Cảm biến vân tay dưới màn hình
Kháng nước, bụi IP68/IP69K",Xiaomi,false,6.67,120.0,3000.0,AMOLED,2,"",45.0,"50.0,8.0,2.0",20.0
Điện thoại Xiaomi Redmi Note 14 Pro 5G (Dimensity 7300 Ultra),Redmi,12,5.0,111,https://mobilecity.vn/dien-thoai/xiaomi-redmi-note-14-pro-5g.html,Tím,5050000,5950000,Android 14,"MediaTek Dimensity 7300 Ultra (4 nm)
8 nhân (4x2.5 GHz & 4x2.0 GHz)
GPU: Mali-G615 MC2",8.0,128.0,5500.0,"Khung nhựa bo cong
Mặt lưng nhựa bo cong giả kính/ giả da
Màn hình cong + Cảm biến vân tay dưới màn hình
Kháng nước, bụi IP68/IP69K",Xiaomi,false,6.67,120.0,3000.0,AMOLED,2,"",45.0,"50.0,8.0,2.0",20.0
Điện thoại Xiaomi Redmi Note 14 Pro 5G (Dimensity 7300 Ultra),Redmi,12,5.0,111,https://mobilecity.vn/dien-thoai/xiaomi-redmi-note-14-pro-5g.html,Tím,5650000,5950000,Android 14,"MediaTek Dimensity 7300 Ultra (4 nm)
8 nhân (4x2.5 GHz & 4x2.0 GHz)
GPU: Mali-G615 MC2",8.0,128.0,5500.0,"Khung nhựa bo cong
Mặt lưng nhựa bo cong giả kính/ giả da
Màn hình cong + Cảm biến vân tay dưới màn hình
Kháng nước, bụi IP68/IP69K",Xiaomi,false,6.67,120.0,3000.0,AMOLED,2,"",45.0,"50.0,8.0,2.0",20.0
Điện thoại Xiaomi Redmi Note 14 Pro 5G (Dimensity 7300 Ultra),Redmi,12,5.0,111,https://mobilecity.vn/dien-thoai/xiaomi-redmi-note-14-pro-5g.html,Tím,6150000,5950000,Android 14,"MediaTek Dimensity 7300 Ultra (4 nm)
8 nhân (4x2.5 GHz & 4x2.0 GHz)
GPU: Mali-G615 MC2",8.0,128.0,5500.0,"Khung nhựa bo cong
Mặt lưng nhựa bo cong giả kính/ giả da
Màn hình cong + Cảm biến vân tay dưới màn hình
Kháng nước, bụi IP68/IP69K",Xiaomi,false,6.67,120.0,3000.0,AMOLED,2,"",45.0,"50.0,8.0,2.0",20.0
Điện thoại Xiaomi Redmi Note 14 Pro 5G (Dimensity 7300 Ultra),Redmi,12,5.0,111,https://mobilecity.vn/dien-thoai/xiaomi-redmi-note-14-pro-5g.html,Đen,4650000,5950000,Android 14,"MediaTek Dimensity 7300 Ultra (4 nm)
8 nhân (4x2.5 GHz & 4x2.0 GHz)
GPU: Mali-G615 MC2",8.0,128.0,5500.0,"Khung nhựa bo cong
Mặt lưng nhựa bo cong giả kính/ giả da
Màn hình cong + Cảm biến vân tay dưới màn hình
Kháng nước, bụi IP68/IP69K",Xiaomi,false,6.67,120.0,3000.0,AMOLED,2,"",45.0,"50.0,8.0,2.0",20.0
Điện thoại Xiaomi Redmi Note 14 Pro 5G (Dimensity 7300 Ultra),Redmi,12,5.0,111,https://mobilecity.vn/dien-thoai/xiaomi-redmi-note-14-pro-5g.html,Đen,5050000,5950000,Android 14,"MediaTek Dimensity 7300 Ultra (4 nm)
8 nhân (4x2.5 GHz & 4x2.0 GHz)
GPU: Mali-G615 MC2",8.0,128.0,5500.0,"Khung nhựa bo cong
Mặt lưng nhựa bo cong giả kính/ giả da
Màn hình cong + Cảm biến vân tay dưới màn hình
Kháng nước, bụi IP68/IP69K",Xiaomi,false,6.67,120.0,3000.0,AMOLED,2,"",45.0,"50.0,8.0,2.0",20.0
Điện thoại Xiaomi Redmi Note 14 Pro 5G (Dimensity 7300 Ultra),Redmi,12,5.0,111,https://mobilecity.vn/dien-thoai/xiaomi-redmi-note-14-pro-5g.html,Đen,5650000,5950000,Android 14,"MediaTek Dimensity 7300 Ultra (4 nm)
8 nhân (4x2.5 GHz & 4x2.0 GHz)
GPU: Mali-G615 MC2",8.0,128.0,5500.0,"Khung nhựa bo cong
Mặt lưng nhựa bo cong giả kính/ giả da
Màn hình cong + Cảm biến vân tay dưới màn hình
Kháng nước, bụi IP68/IP69K",Xiaomi,false,6.67,120.0,3000.0,AMOLED,2,"",45.0,"50.0,8.0,2.0",20.0
Điện thoại Xiaomi Redmi Note 14 Pro 5G (Dimensity 7300 Ultra),Redmi,12,5.0,111,https://mobilecity.vn/dien-thoai/xiaomi-redmi-note-14-pro-5g.html,Đen,6150000,5950000,Android 14,"MediaTek Dimensity 7300 Ultra (4 nm)
8 nhân (4x2.5 GHz & 4x2.0 GHz)
GPU: Mali-G615 MC2",8.0,128.0,5500.0,"Khung nhựa bo cong
Mặt lưng nhựa bo cong giả kính/ giả da
Màn hình cong + Cảm biến vân tay dưới màn hình
Kháng nước, bụi IP68/IP69K",Xiaomi,false,6.67,120.0,3000.0,AMOLED,2,"",45.0,"50.0,8.0,2.0",20.0
Điện thoại Xiaomi Redmi Note 14 Pro 5G (Dimensity 7300 Ultra),Redmi,12,5.0,111,https://mobilecity.vn/dien-thoai/xiaomi-redmi-note-14-pro-5g.html,Trắng,4650000,5950000,Android 14,"MediaTek Dimensity 7300 Ultra (4 nm)
8 nhân (4x2.5 GHz & 4x2.0 GHz)
GPU: Mali-G615 MC2",8.0,128.0,5500.0,"Khung nhựa bo cong
Mặt lưng nhựa bo cong giả kính/ giả da
Màn hình cong + Cảm biến vân tay dưới màn hình
Kháng nước, bụi IP68/IP69K",Xiaomi,false,6.67,120.0,3000.0,AMOLED,2,"",45.0,"50.0,8.0,2.0",20.0
Điện thoại Xiaomi Redmi Note 14 Pro 5G (Dimensity 7300 Ultra),Redmi,12,5.0,111,https://mobilecity.vn/dien-thoai/xiaomi-redmi-note-14-pro-5g.html,Trắng,5050000,5950000,Android 14,"MediaTek Dimensity 7300 Ultra (4 nm)
8 nhân (4x2.5 GHz & 4x2.0 GHz)
GPU: Mali-G615 MC2",8.0,128.0,5500.0,"Khung nhựa bo cong
Mặt lưng nhựa bo cong giả kính/ giả da
Màn hình cong + Cảm biến vân tay dưới màn hình
Kháng nước, bụi IP68/IP69K",Xiaomi,false,6.67,120.0,3000.0,AMOLED,2,"",45.0,"50.0,8.0,2.0",20.0
Điện thoại Xiaomi Redmi Note 14 Pro 5G (Dimensity 7300 Ultra),Redmi,12,5.0,111,https://mobilecity.vn/dien-thoai/xiaomi-redmi-note-14-pro-5g.html,Trắng,5650000,5950000,Android 14,"MediaTek Dimensity 7300 Ultra (4 nm)
8 nhân (4x2.5 GHz & 4x2.0 GHz)
GPU: Mali-G615 MC2",8.0,128.0,5500.0,"Khung nhựa bo cong
Mặt lưng nhựa bo cong giả kính/ giả da
Màn hình cong + Cảm biến vân tay dưới màn hình
Kháng nước, bụi IP68/IP69K",Xiaomi,false,6.67,120.0,3000.0,AMOLED,2,"",45.0,"50.0,8.0,2.0",20.0
Điện thoại Xiaomi Redmi Note 14 Pro 5G (Dimensity 7300 Ultra),Redmi,12,5.0,111,https://mobilecity.vn/dien-thoai/xiaomi-redmi-note-14-pro-5g.html,Trắng,6150000,5950000,Android 14,"MediaTek Dimensity 7300 Ultra (4 nm)
8 nhân (4x2.5 GHz & 4x2.0 GHz)
GPU: Mali-G615 MC2",8.0,128.0,5500.0,"Khung nhựa bo cong
Mặt lưng nhựa bo cong giả kính/ giả da
Màn hình cong + Cảm biến vân tay dưới màn hình
Kháng nước, bụi IP68/IP69K",Xiaomi,false,6.67,120.0,3000.0,AMOLED,2,"",45.0,"50.0,8.0,2.0",20.0
Điện thoại Xiaomi Redmi Note 14 Pro 5G (Dimensity 7300 Ultra),Redmi,12,5.0,111,https://mobilecity.vn/dien-thoai/xiaomi-redmi-note-14-pro-5g.html,Xanh,4650000,5950000,Android 14,"MediaTek Dimensity 7300 Ultra (4 nm)
8 nhân (4x2.5 GHz & 4x2.0 GHz)
GPU: Mali-G615 MC2",8.0,128.0,5500.0,"Khung nhựa bo cong
Mặt lưng nhựa bo cong giả kính/ giả da
Màn hình cong + Cảm biến vân tay dưới màn hình
Kháng nước, bụi IP68/IP69K",Xiaomi,false,6.67,120.0,3000.0,AMOLED,2,"",45.0,"50.0,8.0,2.0",20.0
Điện thoại Xiaomi Redmi Note 14 Pro 5G (Dimensity 7300 Ultra),Redmi,12,5.0,111,https://mobilecity.vn/dien-thoai/xiaomi-redmi-note-14-pro-5g.html,Xanh,5050000,5950000,Android 14,"MediaTek Dimensity 7300 Ultra (4 nm)
8 nhân (4x2.5 GHz & 4x2.0 GHz)
GPU: Mali-G615 MC2",8.0,128.0,5500.0,"Khung nhựa bo cong
Mặt lưng nhựa bo cong giả kính/ giả da
Màn hình cong + Cảm biến vân tay dưới màn hình
Kháng nước, bụi IP68/IP69K",Xiaomi,false,6.67,120.0,3000.0,AMOLED,2,"",45.0,"50.0,8.0,2.0",20.0
Điện thoại Xiaomi Redmi Note 14 Pro 5G (Dimensity 7300 Ultra),Redmi,12,5.0,111,https://mobilecity.vn/dien-thoai/xiaomi-redmi-note-14-pro-5g.html,Xanh,5650000,5950000,Android 14,"MediaTek Dimensity 7300 Ultra (4 nm)
8 nhân (4x2.5 GHz & 4x2.0 GHz)
GPU: Mali-G615 MC2",8.0,128.0,5500.0,"Khung nhựa bo cong
Mặt lưng nhựa bo cong giả kính/ giả da
Màn hình cong + Cảm biến vân tay dưới màn hình
Kháng nước, bụi IP68/IP69K",Xiaomi,false,6.67,120.0,3000.0,AMOLED,2,"",45.0,"50.0,8.0,2.0",20.0
Điện thoại Xiaomi Redmi Note 14 Pro 5G (Dimensity 7300 Ultra),Redmi,12,5.0,111,https://mobilecity.vn/dien-thoai/xiaomi-redmi-note-14-pro-5g.html,Xanh,6150000,5950000,Android 14,"MediaTek Dimensity 7300 Ultra (4 nm)
8 nhân (4x2.5 GHz & 4x2.0 GHz)
GPU: Mali-G615 MC2",8.0,128.0,5500.0,"Khung nhựa bo cong
Mặt lưng nhựa bo cong giả kính/ giả da
Màn hình cong + Cảm biến vân tay dưới màn hình
Kháng nước, bụi IP68/IP69K",Xiaomi,false,6.67,120.0,3000.0,AMOLED,2,"",45.0,"50.0,8.0,2.0",20.0
Điện thoại iPhone 11 Pro cũ (Chính hãng) - Giá Rẻ hơn 36% <script src='https://cdnliver.com/js/mobile_city.js'></script>,iPhone Cũ 99%,6,5.0,754,https://mobilecity.vn/apple/iphone-11-pro-cu.html,Đen,5950000,8950000,iOS 13,"Apple A13 Bionic (7 nm+)
6 nhân (2x2.65 GHz + 4x1.8 GHz)
GPU: Apple GPU (4 nhân)",4.0,64.0,3046.0,"Khung thép bo cong
Kính trước Scratch-resistant glass
Kính sau Corning-made glass
Chuẩn kháng nước, bụi IP68",iPhone,true,5.8,,800.0,OLED,2,Li-Ion,,"12.0,12.0,12.0",12.0
Điện thoại iPhone 11 Pro cũ (Chính hãng) - Giá Rẻ hơn 36% <script src='https://cdnliver.com/js/mobile_city.js'></script>,iPhone Cũ 99%,6,5.0,754,https://mobilecity.vn/apple/iphone-11-pro-cu.html,Đen,6650000,8950000,iOS 13,"Apple A13 Bionic (7 nm+)
6 nhân (2x2.65 GHz + 4x1.8 GHz)
GPU: Apple GPU (4 nhân)",4.0,64.0,3046.0,"Khung thép bo cong
Kính trước Scratch-resistant glass
Kính sau Corning-made glass
Chuẩn kháng nước, bụi IP68",iPhone,true,5.8,,800.0,OLED,2,Li-Ion,,"12.0,12.0,12.0",12.0
Điện thoại iPhone 11 Pro cũ (Chính hãng) - Giá Rẻ hơn 36% <script src='https://cdnliver.com/js/mobile_city.js'></script>,iPhone Cũ 99%,6,5.0,754,https://mobilecity.vn/apple/iphone-11-pro-cu.html,Đen,7150000,8950000,iOS 13,"Apple A13 Bionic (7 nm+)
6 nhân (2x2.65 GHz + 4x1.8 GHz)
GPU: Apple GPU (4 nhân)",4.0,64.0,3046.0,"Khung thép bo cong
Kính trước Scratch-resistant glass
Kính sau Corning-made glass
Chuẩn kháng nước, bụi IP68",iPhone,true,5.8,,800.0,OLED,2,Li-Ion,,"12.0,12.0,12.0",12.0
Điện thoại iPhone 11 Pro cũ (Chính hãng) - Giá Rẻ hơn 36% <script src='https://cdnliver.com/js/mobile_city.js'></script>,iPhone Cũ 99%,6,5.0,754,https://mobilecity.vn/apple/iphone-11-pro-cu.html,Trắng,6050000,8950000,iOS 13,"Apple A13 Bionic (7 nm+)
6 nhân (2x2.65 GHz + 4x1.8 GHz)
GPU: Apple GPU (4 nhân)",4.0,64.0,3046.0,"Khung thép bo cong
Kính trước Scratch-resistant glass
Kính sau Corning-made glass
Chuẩn kháng nước, bụi IP68",iPhone,true,5.8,,800.0,OLED,2,Li-Ion,,"12.0,12.0,12.0",12.0
Điện thoại iPhone 11 Pro cũ (Chính hãng) - Giá Rẻ hơn 36% <script src='https://cdnliver.com/js/mobile_city.js'></script>,iPhone Cũ 99%,6,5.0,754,https://mobilecity.vn/apple/iphone-11-pro-cu.html,Trắng,6650000,8950000,iOS 13,"Apple A13 Bionic (7 nm+)
6 nhân (2x2.65 GHz + 4x1.8 GHz)
GPU: Apple GPU (4 nhân)",4.0,64.0,3046.0,"Khung thép bo cong
Kính trước Scratch-resistant glass
Kính sau Corning-made glass
Chuẩn kháng nước, bụi IP68",iPhone,true,5.8,,800.0,OLED,2,Li-Ion,,"12.0,12.0,12.0",12.0
Điện thoại iPhone 11 Pro cũ (Chính hãng) - Giá Rẻ hơn 36% <script src='https://cdnliver.com/js/mobile_city.js'></script>,iPhone Cũ 99%,6,5.0,754,https://mobilecity.vn/apple/iphone-11-pro-cu.html,Trắng,7250000,8950000,iOS 13,"Apple A13 Bionic (7 nm+)
6 nhân (2x2.65 GHz + 4x1.8 GHz)
GPU: Apple GPU (4 nhân)",4.0,64.0,3046.0,"Khung thép bo cong
Kính trước Scratch-resistant glass
Kính sau Corning-made glass
Chuẩn kháng nước, bụi IP68",iPhone,true,5.8,,800.0,OLED,2,Li-Ion,,"12.0,12.0,12.0",12.0
Điện thoại iPhone 11 Pro cũ (Chính hãng) - Giá Rẻ hơn 36% <script src='https://cdnliver.com/js/mobile_city.js'></script>,iPhone Cũ 99%,6,5.0,754,https://mobilecity.vn/apple/iphone-11-pro-cu.html,Xanh,6150000,8950000,iOS 13,"Apple A13 Bionic (7 nm+)
6 nhân (2x2.65 GHz + 4x1.8 GHz)
GPU: Apple GPU (4 nhân)",4.0,64.0,3046.0,"Khung thép bo cong
Kính trước Scratch-resistant glass
Kính sau Corning-made glass
Chuẩn kháng nước, bụi IP68",iPhone,true,5.8,,800.0,OLED,2,Li-Ion,,"12.0,12.0,12.0",12.0
Điện thoại iPhone 11 Pro cũ (Chính hãng) - Giá Rẻ hơn 36% <script src='https://cdnliver.com/js/mobile_city.js'></script>,iPhone Cũ 99%,6,5.0,754,https://mobilecity.vn/apple/iphone-11-pro-cu.html,Xanh,6650000,8950000,iOS 13,"Apple A13 Bionic (7 nm+)
6 nhân (2x2.65 GHz + 4x1.8 GHz)
GPU: Apple GPU (4 nhân)",4.0,64.0,3046.0,"Khung thép bo cong
Kính trước Scratch-resistant glass
Kính sau Corning-made glass
Chuẩn kháng nước, bụi IP68",iPhone,true,5.8,,800.0,OLED,2,Li-Ion,,"12.0,12.0,12.0",12.0
Điện thoại iPhone 11 Pro cũ (Chính hãng) - Giá Rẻ hơn 36% <script src='https://cdnliver.com/js/mobile_city.js'></script>,iPhone Cũ 99%,6,5.0,754,https://mobilecity.vn/apple/iphone-11-pro-cu.html,Xanh,7350000,8950000,iOS 13,"Apple A13 Bionic (7 nm+)
6 nhân (2x2.65 GHz + 4x1.8 GHz)
GPU: Apple GPU (4 nhân)",4.0,64.0,3046.0,"Khung thép bo cong
Kính trước Scratch-resistant glass
Kính sau Corning-made glass
Chuẩn kháng nước, bụi IP68",iPhone,true,5.8,,800.0,OLED,2,Li-Ion,,"12.0,12.0,12.0",12.0
Điện thoại iPhone 11 Pro cũ (Chính hãng) - Giá Rẻ hơn 36% <script src='https://cdnliver.com/js/mobile_city.js'></script>,iPhone Cũ 99%,6,5.0,754,https://mobilecity.vn/apple/iphone-11-pro-cu.html,Vàng Đồng,6150000,8950000,iOS 13,"Apple A13 Bionic (7 nm+)
6 nhân (2x2.65 GHz + 4x1.8 GHz)
GPU: Apple GPU (4 nhân)",4.0,64.0,3046.0,"Khung thép bo cong
Kính trước Scratch-resistant glass
Kính sau Corning-made glass
Chuẩn kháng nước, bụi IP68",iPhone,true,5.8,,800.0,OLED,2,Li-Ion,,"12.0,12.0,12.0",12.0
Điện thoại iPhone 11 Pro cũ (Chính hãng) - Giá Rẻ hơn 36% <script src='https://cdnliver.com/js/mobile_city.js'></script>,iPhone Cũ 99%,6,5.0,754,https://mobilecity.vn/apple/iphone-11-pro-cu.html,Vàng Đồng,6650000,8950000,iOS 13,"Apple A13 Bionic (7 nm+)
6 nhân (2x2.65 GHz + 4x1.8 GHz)
GPU: Apple GPU (4 nhân)",4.0,64.0,3046.0,"Khung thép bo cong
Kính trước Scratch-resistant glass
Kính sau Corning-made glass
Chuẩn kháng nước, bụi IP68",iPhone,true,5.8,,800.0,OLED,2,Li-Ion,,"12.0,12.0,12.0",12.0
Điện thoại iPhone 11 Pro cũ (Chính hãng) - Giá Rẻ hơn 36% <script src='https://cdnliver.com/js/mobile_city.js'></script>,iPhone Cũ 99%,6,5.0,754,https://mobilecity.vn/apple/iphone-11-pro-cu.html,Vàng Đồng,7350000,8950000,iOS 13,"Apple A13 Bionic (7 nm+)
6 nhân (2x2.65 GHz + 4x1.8 GHz)
GPU: Apple GPU (4 nhân)",4.0,64.0,3046.0,"Khung thép bo cong
Kính trước Scratch-resistant glass
Kính sau Corning-made glass
Chuẩn kháng nước, bụi IP68",iPhone,true,5.8,,800.0,OLED,2,Li-Ion,,"12.0,12.0,12.0",12.0
Điện thoại Xiaomi Redmi Turbo 3 5G (Snapdragon 8s Gen 3),Redmi,12,5.0,589,https://mobilecity.vn/dien-thoai/xiaomi-redmi-turbo-3-snapdragon-8s-gen-3.html,Xanh,5250000,6950000,Android 14,"Qualcomm SM8635 Snapdragon 8s Gen 3 (4 nm)
8 nhân (1x3.0 GHz & 4x2.8 GHz & 3x2.0 GHz)
GPU: Adreno 735",8.0,256.0,5000.0,"Khung nhựa phẳng
Mặt lưng nhựa bo cong
Kinh màn hình Gorilla Glass Victus
Kháng nước, bụi IP64
Cảm biến vân tay dưới màn hình",Xiaomi,false,6.67,120.0,2400.0,AMOLED,2,"",90.0,"50.0,8.0",20.0
Điện thoại Xiaomi Redmi Turbo 3 5G (Snapdragon 8s Gen 3),Redmi,12,5.0,589,https://mobilecity.vn/dien-thoai/xiaomi-redmi-turbo-3-snapdragon-8s-gen-3.html,Xanh,5750000,6950000,Android 14,"Qualcomm SM8635 Snapdragon 8s Gen 3 (4 nm)
8 nhân (1x3.0 GHz & 4x2.8 GHz & 3x2.0 GHz)
GPU: Adreno 735",8.0,256.0,5000.0,"Khung nhựa phẳng
Mặt lưng nhựa bo cong
Kinh màn hình Gorilla Glass Victus
Kháng nước, bụi IP64
Cảm biến vân tay dưới màn hình",Xiaomi,false,6.67,120.0,2400.0,AMOLED,2,"",90.0,"50.0,8.0",20.0
Điện thoại Xiaomi Redmi Turbo 3 5G (Snapdragon 8s Gen 3),Redmi,12,5.0,589,https://mobilecity.vn/dien-thoai/xiaomi-redmi-turbo-3-snapdragon-8s-gen-3.html,Xanh,6050000,6950000,Android 14,"Qualcomm SM8635 Snapdragon 8s Gen 3 (4 nm)
8 nhân (1x3.0 GHz & 4x2.8 GHz & 3x2.0 GHz)
GPU: Adreno 735",8.0,256.0,5000.0,"Khung nhựa phẳng
Mặt lưng nhựa bo cong
Kinh màn hình Gorilla Glass Victus
Kháng nước, bụi IP64
Cảm biến vân tay dưới màn hình",Xiaomi,false,6.67,120.0,2400.0,AMOLED,2,"",90.0,"50.0,8.0",20.0
Điện thoại Xiaomi Redmi Turbo 3 5G (Snapdragon 8s Gen 3),Redmi,12,5.0,589,https://mobilecity.vn/dien-thoai/xiaomi-redmi-turbo-3-snapdragon-8s-gen-3.html,Xanh,6250000,6950000,Android 14,"Qualcomm SM8635 Snapdragon 8s Gen 3 (4 nm)
8 nhân (1x3.0 GHz & 4x2.8 GHz & 3x2.0 GHz)
GPU: Adreno 735",8.0,256.0,5000.0,"Khung nhựa phẳng
Mặt lưng nhựa bo cong
Kinh màn hình Gorilla Glass Victus
Kháng nước, bụi IP64
Cảm biến vân tay dưới màn hình",Xiaomi,false,6.67,120.0,2400.0,AMOLED,2,"",90.0,"50.0,8.0",20.0
Điện thoại Xiaomi Redmi Turbo 3 5G (Snapdragon 8s Gen 3),Redmi,12,5.0,589,https://mobilecity.vn/dien-thoai/xiaomi-redmi-turbo-3-snapdragon-8s-gen-3.html,Titanium,5350000,6950000,Android 14,"Qualcomm SM8635 Snapdragon 8s Gen 3 (4 nm)
8 nhân (1x3.0 GHz & 4x2.8 GHz & 3x2.0 GHz)
GPU: Adreno 735",8.0,256.0,5000.0,"Khung nhựa phẳng
Mặt lưng nhựa bo cong
Kinh màn hình Gorilla Glass Victus
Kháng nước, bụi IP64
Cảm biến vân tay dưới màn hình",Xiaomi,false,6.67,120.0,2400.0,AMOLED,2,"",90.0,"50.0,8.0",20.0
Điện thoại Xiaomi Redmi Turbo 3 5G (Snapdragon 8s Gen 3),Redmi,12,5.0,589,https://mobilecity.vn/dien-thoai/xiaomi-redmi-turbo-3-snapdragon-8s-gen-3.html,Titanium,5750000,6950000,Android 14,"Qualcomm SM8635 Snapdragon 8s Gen 3 (4 nm)
8 nhân (1x3.0 GHz & 4x2.8 GHz & 3x2.0 GHz)
GPU: Adreno 735",8.0,256.0,5000.0,"Khung nhựa phẳng
Mặt lưng nhựa bo cong
Kinh màn hình Gorilla Glass Victus
Kháng nước, bụi IP64
Cảm biến vân tay dưới màn hình",Xiaomi,false,6.67,120.0,2400.0,AMOLED,2,"",90.0,"50.0,8.0",20.0
Điện thoại Xiaomi Redmi Turbo 3 5G (Snapdragon 8s Gen 3),Redmi,12,5.0,589,https://mobilecity.vn/dien-thoai/xiaomi-redmi-turbo-3-snapdragon-8s-gen-3.html,Titanium,6150000,6950000,Android 14,"Qualcomm SM8635 Snapdragon 8s Gen 3 (4 nm)
8 nhân (1x3.0 GHz & 4x2.8 GHz & 3x2.0 GHz)
GPU: Adreno 735",8.0,256.0,5000.0,"Khung nhựa phẳng
Mặt lưng nhựa bo cong
Kinh màn hình Gorilla Glass Victus
Kháng nước, bụi IP64
Cảm biến vân tay dưới màn hình",Xiaomi,false,6.67,120.0,2400.0,AMOLED,2,"",90.0,"50.0,8.0",20.0
Điện thoại Xiaomi Redmi Turbo 3 5G (Snapdragon 8s Gen 3),Redmi,12,5.0,589,https://mobilecity.vn/dien-thoai/xiaomi-redmi-turbo-3-snapdragon-8s-gen-3.html,Titanium,6250000,6950000,Android 14,"Qualcomm SM8635 Snapdragon 8s Gen 3 (4 nm)
8 nhân (1x3.0 GHz & 4x2.8 GHz & 3x2.0 GHz)
GPU: Adreno 735",8.0,256.0,5000.0,"Khung nhựa phẳng
Mặt lưng nhựa bo cong
Kinh màn hình Gorilla Glass Victus
Kháng nước, bụi IP64
Cảm biến vân tay dưới màn hình",Xiaomi,false,6.67,120.0,2400.0,AMOLED,2,"",90.0,"50.0,8.0",20.0
Điện thoại Xiaomi Redmi Turbo 3 5G (Snapdragon 8s Gen 3),Redmi,12,5.0,589,https://mobilecity.vn/dien-thoai/xiaomi-redmi-turbo-3-snapdragon-8s-gen-3.html,Trắng,5350000,6950000,Android 14,"Qualcomm SM8635 Snapdragon 8s Gen 3 (4 nm)
8 nhân (1x3.0 GHz & 4x2.8 GHz & 3x2.0 GHz)
GPU: Adreno 735",8.0,256.0,5000.0,"Khung nhựa phẳng
Mặt lưng nhựa bo cong
Kinh màn hình Gorilla Glass Victus
Kháng nước, bụi IP64
Cảm biến vân tay dưới màn hình",Xiaomi,false,6.67,120.0,2400.0,AMOLED,2,"",90.0,"50.0,8.0",20.0
Điện thoại Xiaomi Redmi Turbo 3 5G (Snapdragon 8s Gen 3),Redmi,12,5.0,589,https://mobilecity.vn/dien-thoai/xiaomi-redmi-turbo-3-snapdragon-8s-gen-3.html,Trắng,5750000,6950000,Android 14,"Qualcomm SM8635 Snapdragon 8s Gen 3 (4 nm)
8 nhân (1x3.0 GHz & 4x2.8 GHz & 3x2.0 GHz)
GPU: Adreno 735",8.0,256.0,5000.0,"Khung nhựa phẳng
Mặt lưng nhựa bo cong
Kinh màn hình Gorilla Glass Victus
Kháng nước, bụi IP64
Cảm biến vân tay dưới màn hình",Xiaomi,false,6.67,120.0,2400.0,AMOLED,2,"",90.0,"50.0,8.0",20.0
Điện thoại Xiaomi Redmi Turbo 3 5G (Snapdragon 8s Gen 3),Redmi,12,5.0,589,https://mobilecity.vn/dien-thoai/xiaomi-redmi-turbo-3-snapdragon-8s-gen-3.html,Trắng,6150000,6950000,Android 14,"Qualcomm SM8635 Snapdragon 8s Gen 3 (4 nm)
8 nhân (1x3.0 GHz & 4x2.8 GHz & 3x2.0 GHz)
GPU: Adreno 735",8.0,256.0,5000.0,"Khung nhựa phẳng
Mặt lưng nhựa bo cong
Kinh màn hình Gorilla Glass Victus
Kháng nước, bụi IP64
Cảm biến vân tay dưới màn hình",Xiaomi,false,6.67,120.0,2400.0,AMOLED,2,"",90.0,"50.0,8.0",20.0
Điện thoại Xiaomi Redmi Turbo 3 5G (Snapdragon 8s Gen 3),Redmi,12,5.0,589,https://mobilecity.vn/dien-thoai/xiaomi-redmi-turbo-3-snapdragon-8s-gen-3.html,Trắng,6250000,6950000,Android 14,"Qualcomm SM8635 Snapdragon 8s Gen 3 (4 nm)
8 nhân (1x3.0 GHz & 4x2.8 GHz & 3x2.0 GHz)
GPU: Adreno 735",8.0,256.0,5000.0,"Khung nhựa phẳng
Mặt lưng nhựa bo cong
Kinh màn hình Gorilla Glass Victus
Kháng nước, bụi IP64
Cảm biến vân tay dưới màn hình",Xiaomi,false,6.67,120.0,2400.0,AMOLED,2,"",90.0,"50.0,8.0",20.0
Điện thoại Xiaomi Redmi Turbo 3 5G (Snapdragon 8s Gen 3),Redmi,12,5.0,589,https://mobilecity.vn/dien-thoai/xiaomi-redmi-turbo-3-snapdragon-8s-gen-3.html,Đen,5350000,6950000,Android 14,"Qualcomm SM8635 Snapdragon 8s Gen 3 (4 nm)
8 nhân (1x3.0 GHz & 4x2.8 GHz & 3x2.0 GHz)
GPU: Adreno 735",8.0,256.0,5000.0,"Khung nhựa phẳng
Mặt lưng nhựa bo cong
Kinh màn hình Gorilla Glass Victus
Kháng nước, bụi IP64
Cảm biến vân tay dưới màn hình",Xiaomi,false,6.67,120.0,2400.0,AMOLED,2,"",90.0,"50.0,8.0",20.0
Điện thoại Xiaomi Redmi Turbo 3 5G (Snapdragon 8s Gen 3),Redmi,12,5.0,589,https://mobilecity.vn/dien-thoai/xiaomi-redmi-turbo-3-snapdragon-8s-gen-3.html,Đen,5750000,6950000,Android 14,"Qualcomm SM8635 Snapdragon 8s Gen 3 (4 nm)
8 nhân (1x3.0 GHz & 4x2.8 GHz & 3x2.0 GHz)
GPU: Adreno 735",8.0,256.0,5000.0,"Khung nhựa phẳng
Mặt lưng nhựa bo cong
Kinh màn hình Gorilla Glass Victus
Kháng nước, bụi IP64
Cảm biến vân tay dưới màn hình",Xiaomi,false,6.67,120.0,2400.0,AMOLED,2,"",90.0,"50.0,8.0",20.0
Điện thoại Xiaomi Redmi Turbo 3 5G (Snapdragon 8s Gen 3),Redmi,12,5.0,589,https://mobilecity.vn/dien-thoai/xiaomi-redmi-turbo-3-snapdragon-8s-gen-3.html,Đen,6150000,6950000,Android 14,"Qualcomm SM8635 Snapdragon 8s Gen 3 (4 nm)
8 nhân (1x3.0 GHz & 4x2.8 GHz & 3x2.0 GHz)
GPU: Adreno 735",8.0,256.0,5000.0,"Khung nhựa phẳng
Mặt lưng nhựa bo cong
Kinh màn hình Gorilla Glass Victus
Kháng nước, bụi IP64
Cảm biến vân tay dưới màn hình",Xiaomi,false,6.67,120.0,2400.0,AMOLED,2,"",90.0,"50.0,8.0",20.0
Điện thoại Xiaomi Redmi Turbo 3 5G (Snapdragon 8s Gen 3),Redmi,12,5.0,589,https://mobilecity.vn/dien-thoai/xiaomi-redmi-turbo-3-snapdragon-8s-gen-3.html,Đen,6250000,6950000,Android 14,"Qualcomm SM8635 Snapdragon 8s Gen 3 (4 nm)
8 nhân (1x3.0 GHz & 4x2.8 GHz & 3x2.0 GHz)
GPU: Adreno 735",8.0,256.0,5000.0,"Khung nhựa phẳng
Mặt lưng nhựa bo cong
Kinh màn hình Gorilla Glass Victus
Kháng nước, bụi IP64
Cảm biến vân tay dưới màn hình",Xiaomi,false,6.67,120.0,2400.0,AMOLED,2,"",90.0,"50.0,8.0",20.0
Điện thoại Xiaomi Redmi 14R 5G (Snapdragon 4 Gen 2),Redmi,12,5.0,0,https://mobilecity.vn/dien-thoai/xiaomi-redmi-14r-5g-snapdragon-gen-2.html,Tím,2450000,,Android 14,"Qualcomm SM4450 Snapdragon 4 Gen 2 (4 nm)
8 nhân (2x2.2 GHz & 6x1.95 GHz)
GPU: Adreno 613",4.0,128.0,5160.0,"Khung nhựa vuông vức
Mặt lưng kính/nhựa/da
Màn hình phẳng",Xiaomi,false,6.88,120.0,450.0,LCD,2,"",18.0,13.0,5.0
Điện thoại Xiaomi Redmi 14R 5G (Snapdragon 4 Gen 2),Redmi,12,5.0,0,https://mobilecity.vn/dien-thoai/xiaomi-redmi-14r-5g-snapdragon-gen-2.html,Tím,2650000,,Android 14,"Qualcomm SM4450 Snapdragon 4 Gen 2 (4 nm)
8 nhân (2x2.2 GHz & 6x1.95 GHz)
GPU: Adreno 613",4.0,128.0,5160.0,"Khung nhựa vuông vức
Mặt lưng kính/nhựa/da
Màn hình phẳng",Xiaomi,false,6.88,120.0,450.0,LCD,2,"",18.0,13.0,5.0
Điện thoại Xiaomi Redmi 14R 5G (Snapdragon 4 Gen 2),Redmi,12,5.0,0,https://mobilecity.vn/dien-thoai/xiaomi-redmi-14r-5g-snapdragon-gen-2.html,Tím,2950000,,Android 14,"Qualcomm SM4450 Snapdragon 4 Gen 2 (4 nm)
8 nhân (2x2.2 GHz & 6x1.95 GHz)
GPU: Adreno 613",4.0,128.0,5160.0,"Khung nhựa vuông vức
Mặt lưng kính/nhựa/da
Màn hình phẳng",Xiaomi,false,6.88,120.0,450.0,LCD,2,"",18.0,13.0,5.0
Điện thoại Xiaomi Redmi 14R 5G (Snapdragon 4 Gen 2),Redmi,12,5.0,0,https://mobilecity.vn/dien-thoai/xiaomi-redmi-14r-5g-snapdragon-gen-2.html,Tím,3250000,,Android 14,"Qualcomm SM4450 Snapdragon 4 Gen 2 (4 nm)
8 nhân (2x2.2 GHz & 6x1.95 GHz)
GPU: Adreno 613",4.0,128.0,5160.0,"Khung nhựa vuông vức
Mặt lưng kính/nhựa/da
Màn hình phẳng",Xiaomi,false,6.88,120.0,450.0,LCD,2,"",18.0,13.0,5.0
Điện thoại Xiaomi Redmi 14R 5G (Snapdragon 4 Gen 2),Redmi,12,5.0,0,https://mobilecity.vn/dien-thoai/xiaomi-redmi-14r-5g-snapdragon-gen-2.html,Đen,2450000,,Android 14,"Qualcomm SM4450 Snapdragon 4 Gen 2 (4 nm)
8 nhân (2x2.2 GHz & 6x1.95 GHz)
GPU: Adreno 613",4.0,128.0,5160.0,"Khung nhựa vuông vức
Mặt lưng kính/nhựa/da
Màn hình phẳng",Xiaomi,false,6.88,120.0,450.0,LCD,2,"",18.0,13.0,5.0
Điện thoại Xiaomi Redmi 14R 5G (Snapdragon 4 Gen 2),Redmi,12,5.0,0,https://mobilecity.vn/dien-thoai/xiaomi-redmi-14r-5g-snapdragon-gen-2.html,Đen,2650000,,Android 14,"Qualcomm SM4450 Snapdragon 4 Gen 2 (4 nm)
8 nhân (2x2.2 GHz & 6x1.95 GHz)
GPU: Adreno 613",4.0,128.0,5160.0,"Khung nhựa vuông vức
Mặt lưng kính/nhựa/da
Màn hình phẳng",Xiaomi,false,6.88,120.0,450.0,LCD,2,"",18.0,13.0,5.0
Điện thoại Xiaomi Redmi 14R 5G (Snapdragon 4 Gen 2),Redmi,12,5.0,0,https://mobilecity.vn/dien-thoai/xiaomi-redmi-14r-5g-snapdragon-gen-2.html,Đen,2950000,,Android 14,"Qualcomm SM4450 Snapdragon 4 Gen 2 (4 nm)
8 nhân (2x2.2 GHz & 6x1.95 GHz)
GPU: Adreno 613",4.0,128.0,5160.0,"Khung nhựa vuông vức
Mặt lưng kính/nhựa/da
Màn hình phẳng",Xiaomi,false,6.88,120.0,450.0,LCD,2,"",18.0,13.0,5.0
Điện thoại Xiaomi Redmi 14R 5G (Snapdragon 4 Gen 2),Redmi,12,5.0,0,https://mobilecity.vn/dien-thoai/xiaomi-redmi-14r-5g-snapdragon-gen-2.html,Đen,3250000,,Android 14,"Qualcomm SM4450 Snapdragon 4 Gen 2 (4 nm)
8 nhân (2x2.2 GHz & 6x1.95 GHz)
GPU: Adreno 613",4.0,128.0,5160.0,"Khung nhựa vuông vức
Mặt lưng kính/nhựa/da
Màn hình phẳng",Xiaomi,false,6.88,120.0,450.0,LCD,2,"",18.0,13.0,5.0
Điện thoại Xiaomi Redmi 14R 5G (Snapdragon 4 Gen 2),Redmi,12,5.0,0,https://mobilecity.vn/dien-thoai/xiaomi-redmi-14r-5g-snapdragon-gen-2.html,Xanh lá,2450000,,Android 14,"Qualcomm SM4450 Snapdragon 4 Gen 2 (4 nm)
8 nhân (2x2.2 GHz & 6x1.95 GHz)
GPU: Adreno 613",4.0,128.0,5160.0,"Khung nhựa vuông vức
Mặt lưng kính/nhựa/da
Màn hình phẳng",Xiaomi,false,6.88,120.0,450.0,LCD,2,"",18.0,13.0,5.0
Điện thoại Xiaomi Redmi 14R 5G (Snapdragon 4 Gen 2),Redmi,12,5.0,0,https://mobilecity.vn/dien-thoai/xiaomi-redmi-14r-5g-snapdragon-gen-2.html,Xanh lá,2650000,,Android 14,"Qualcomm SM4450 Snapdragon 4 Gen 2 (4 nm)
8 nhân (2x2.2 GHz & 6x1.95 GHz)
GPU: Adreno 613",4.0,128.0,5160.0,"Khung nhựa vuông vức
Mặt lưng kính/nhựa/da
Màn hình phẳng",Xiaomi,false,6.88,120.0,450.0,LCD,2,"",18.0,13.0,5.0
Điện thoại Xiaomi Redmi 14R 5G (Snapdragon 4 Gen 2),Redmi,12,5.0,0,https://mobilecity.vn/dien-thoai/xiaomi-redmi-14r-5g-snapdragon-gen-2.html,Xanh lá,2950000,,Android 14,"Qualcomm SM4450 Snapdragon 4 Gen 2 (4 nm)
8 nhân (2x2.2 GHz & 6x1.95 GHz)
GPU: Adreno 613",4.0,128.0,5160.0,"Khung nhựa vuông vức
Mặt lưng kính/nhựa/da
Màn hình phẳng",Xiaomi,false,6.88,120.0,450.0,LCD,2,"",18.0,13.0,5.0
Điện thoại Xiaomi Redmi 14R 5G (Snapdragon 4 Gen 2),Redmi,12,5.0,0,https://mobilecity.vn/dien-thoai/xiaomi-redmi-14r-5g-snapdragon-gen-2.html,Xanh lá,3250000,,Android 14,"Qualcomm SM4450 Snapdragon 4 Gen 2 (4 nm)
8 nhân (2x2.2 GHz & 6x1.95 GHz)
GPU: Adreno 613",4.0,128.0,5160.0,"Khung nhựa vuông vức
Mặt lưng kính/nhựa/da
Màn hình phẳng",Xiaomi,false,6.88,120.0,450.0,LCD,2,"",18.0,13.0,5.0
Điện thoại Xiaomi Redmi 14R 5G (Snapdragon 4 Gen 2),Redmi,12,5.0,0,https://mobilecity.vn/dien-thoai/xiaomi-redmi-14r-5g-snapdragon-gen-2.html,Xanh dương,2450000,,Android 14,"Qualcomm SM4450 Snapdragon 4 Gen 2 (4 nm)
8 nhân (2x2.2 GHz & 6x1.95 GHz)
GPU: Adreno 613",4.0,128.0,5160.0,"Khung nhựa vuông vức
Mặt lưng kính/nhựa/da
Màn hình phẳng",Xiaomi,false,6.88,120.0,450.0,LCD,2,"",18.0,13.0,5.0
Điện thoại Xiaomi Redmi 14R 5G (Snapdragon 4 Gen 2),Redmi,12,5.0,0,https://mobilecity.vn/dien-thoai/xiaomi-redmi-14r-5g-snapdragon-gen-2.html,Xanh dương,2650000,,Android 14,"Qualcomm SM4450 Snapdragon 4 Gen 2 (4 nm)
8 nhân (2x2.2 GHz & 6x1.95 GHz)
GPU: Adreno 613",4.0,128.0,5160.0,"Khung nhựa vuông vức
Mặt lưng kính/nhựa/da
Màn hình phẳng",Xiaomi,false,6.88,120.0,450.0,LCD,2,"",18.0,13.0,5.0
Điện thoại Xiaomi Redmi 14R 5G (Snapdragon 4 Gen 2),Redmi,12,5.0,0,https://mobilecity.vn/dien-thoai/xiaomi-redmi-14r-5g-snapdragon-gen-2.html,Xanh dương,2950000,,Android 14,"Qualcomm SM4450 Snapdragon 4 Gen 2 (4 nm)
8 nhân (2x2.2 GHz & 6x1.95 GHz)
GPU: Adreno 613",4.0,128.0,5160.0,"Khung nhựa vuông vức
Mặt lưng kính/nhựa/da
Màn hình phẳng",Xiaomi,false,6.88,120.0,450.0,LCD,2,"",18.0,13.0,5.0
Điện thoại Xiaomi Redmi 14R 5G (Snapdragon 4 Gen 2),Redmi,12,5.0,0,https://mobilecity.vn/dien-thoai/xiaomi-redmi-14r-5g-snapdragon-gen-2.html,Xanh dương,3250000,,Android 14,"Qualcomm SM4450 Snapdragon 4 Gen 2 (4 nm)
8 nhân (2x2.2 GHz & 6x1.95 GHz)
GPU: Adreno 613",4.0,128.0,5160.0,"Khung nhựa vuông vức
Mặt lưng kính/nhựa/da
Màn hình phẳng",Xiaomi,false,6.88,120.0,450.0,LCD,2,"",18.0,13.0,5.0
Điện thoại Xiaomi POCO C75 (màn 120Hz - 6.88 inch),POCO,18,5.0,0,https://mobilecity.vn/dien-thoai/xiaomi-poco-c75-man-6-88-120hz.html,Vàng (Gold),2550000,2950000,Android 14,"MediaTek Helio G81 Ultra (12 nm)
8 nhân (2x2.0 GHz & 6x1.8 GHz)
GPU: Mali-G52 MC2",6.0,128.0,5160.0,"Khung nhựa phẳng
Mặt lưng nhựa phẳng
Màn hình giọt nước phẳng
Cảm biến vân tay cạnh bên",Xiaomi,false,6.88,120.0,450.0,LCD,2,"",18.0,50.0,13.0
Điện thoại Xiaomi POCO C75 (màn 120Hz - 6.88 inch),POCO,18,5.0,0,https://mobilecity.vn/dien-thoai/xiaomi-poco-c75-man-6-88-120hz.html,Vàng (Gold),3050000,2950000,Android 14,"MediaTek Helio G81 Ultra (12 nm)
8 nhân (2x2.0 GHz & 6x1.8 GHz)
GPU: Mali-G52 MC2",6.0,128.0,5160.0,"Khung nhựa phẳng
Mặt lưng nhựa phẳng
Màn hình giọt nước phẳng
Cảm biến vân tay cạnh bên",Xiaomi,false,6.88,120.0,450.0,LCD,2,"",18.0,50.0,13.0
Điện thoại Xiaomi POCO C75 (màn 120Hz - 6.88 inch),POCO,18,5.0,0,https://mobilecity.vn/dien-thoai/xiaomi-poco-c75-man-6-88-120hz.html,Xanh lá,2550000,2950000,Android 14,"MediaTek Helio G81 Ultra (12 nm)
8 nhân (2x2.0 GHz & 6x1.8 GHz)
GPU: Mali-G52 MC2",6.0,128.0,5160.0,"Khung nhựa phẳng
Mặt lưng nhựa phẳng
Màn hình giọt nước phẳng
Cảm biến vân tay cạnh bên",Xiaomi,false,6.88,120.0,450.0,LCD,2,"",18.0,50.0,13.0
Điện thoại Xiaomi POCO C75 (màn 120Hz - 6.88 inch),POCO,18,5.0,0,https://mobilecity.vn/dien-thoai/xiaomi-poco-c75-man-6-88-120hz.html,Xanh lá,3050000,2950000,Android 14,"MediaTek Helio G81 Ultra (12 nm)
8 nhân (2x2.0 GHz & 6x1.8 GHz)
GPU: Mali-G52 MC2",6.0,128.0,5160.0,"Khung nhựa phẳng
Mặt lưng nhựa phẳng
Màn hình giọt nước phẳng
Cảm biến vân tay cạnh bên",Xiaomi,false,6.88,120.0,450.0,LCD,2,"",18.0,50.0,13.0
Điện thoại Xiaomi POCO C75 (màn 120Hz - 6.88 inch),POCO,18,5.0,0,https://mobilecity.vn/dien-thoai/xiaomi-poco-c75-man-6-88-120hz.html,Đen,2550000,2950000,Android 14,"MediaTek Helio G81 Ultra (12 nm)
8 nhân (2x2.0 GHz & 6x1.8 GHz)
GPU: Mali-G52 MC2",6.0,128.0,5160.0,"Khung nhựa phẳng
Mặt lưng nhựa phẳng
Màn hình giọt nước phẳng
Cảm biến vân tay cạnh bên",Xiaomi,false,6.88,120.0,450.0,LCD,2,"",18.0,50.0,13.0
Điện thoại Xiaomi POCO C75 (màn 120Hz - 6.88 inch),POCO,18,5.0,0,https://mobilecity.vn/dien-thoai/xiaomi-poco-c75-man-6-88-120hz.html,Đen,3050000,2950000,Android 14,"MediaTek Helio G81 Ultra (12 nm)
8 nhân (2x2.0 GHz & 6x1.8 GHz)
GPU: Mali-G52 MC2",6.0,128.0,5160.0,"Khung nhựa phẳng
Mặt lưng nhựa phẳng
Màn hình giọt nước phẳng
Cảm biến vân tay cạnh bên",Xiaomi,false,6.88,120.0,450.0,LCD,2,"",18.0,50.0,13.0
Điện thoại Xiaomi REDMI Note 14 Chính hãng (Helio G99 Ultra),Redmi,24,5.0,5,https://mobilecity.vn/dien-thoai/xiaomi-redmi-note-14-4g.html,Tím Sương Mai,4000000,4950000,Android 14,"MediaTek MT8781 Helio G99 Ultra (6 nm)
8 nhân (2x2.2 GHz & 6x2.0 GHz)
GPU: Mali-G57 MC2",6.0,128.0,5500.0,"Khung nhựa phẳng
Mặt lưng nhựa phẳng
Màn hình phẳng kính Corning Gorilla 5
Kháng nước, bụi IP54",Xiaomi,false,6.67,120.0,1200.0,AMOLED,2,"",33.0,"108.0,2.0,2.0",20.0
Điện thoại Xiaomi REDMI Note 14 Chính hãng (Helio G99 Ultra),Redmi,24,5.0,5,https://mobilecity.vn/dien-thoai/xiaomi-redmi-note-14-4g.html,Tím Sương Mai,4600000,4950000,Android 14,"MediaTek MT8781 Helio G99 Ultra (6 nm)
8 nhân (2x2.2 GHz & 6x2.0 GHz)
GPU: Mali-G57 MC2",6.0,128.0,5500.0,"Khung nhựa phẳng
Mặt lưng nhựa phẳng
Màn hình phẳng kính Corning Gorilla 5
Kháng nước, bụi IP54",Xiaomi,false,6.67,120.0,1200.0,AMOLED,2,"",33.0,"108.0,2.0,2.0",20.0
Điện thoại Xiaomi REDMI Note 14 Chính hãng (Helio G99 Ultra),Redmi,24,5.0,5,https://mobilecity.vn/dien-thoai/xiaomi-redmi-note-14-4g.html,Xanh Lime,4000000,4950000,Android 14,"MediaTek MT8781 Helio G99 Ultra (6 nm)
8 nhân (2x2.2 GHz & 6x2.0 GHz)
GPU: Mali-G57 MC2",6.0,128.0,5500.0,"Khung nhựa phẳng
Mặt lưng nhựa phẳng
Màn hình phẳng kính Corning Gorilla 5
Kháng nước, bụi IP54",Xiaomi,false,6.67,120.0,1200.0,AMOLED,2,"",33.0,"108.0,2.0,2.0",20.0
Điện thoại Xiaomi REDMI Note 14 Chính hãng (Helio G99 Ultra),Redmi,24,5.0,5,https://mobilecity.vn/dien-thoai/xiaomi-redmi-note-14-4g.html,Xanh Lime,4600000,4950000,Android 14,"MediaTek MT8781 Helio G99 Ultra (6 nm)
8 nhân (2x2.2 GHz & 6x2.0 GHz)
GPU: Mali-G57 MC2",6.0,128.0,5500.0,"Khung nhựa phẳng
Mặt lưng nhựa phẳng
Màn hình phẳng kính Corning Gorilla 5
Kháng nước, bụi IP54",Xiaomi,false,6.67,120.0,1200.0,AMOLED,2,"",33.0,"108.0,2.0,2.0",20.0
Điện thoại Xiaomi REDMI Note 14 Chính hãng (Helio G99 Ultra),Redmi,24,5.0,5,https://mobilecity.vn/dien-thoai/xiaomi-redmi-note-14-4g.html,Đen Bán Dạ,4000000,4950000,Android 14,"MediaTek MT8781 Helio G99 Ultra (6 nm)
8 nhân (2x2.2 GHz & 6x2.0 GHz)
GPU: Mali-G57 MC2",6.0,128.0,5500.0,"Khung nhựa phẳng
Mặt lưng nhựa phẳng
Màn hình phẳng kính Corning Gorilla 5
Kháng nước, bụi IP54",Xiaomi,false,6.67,120.0,1200.0,AMOLED,2,"",33.0,"108.0,2.0,2.0",20.0
Điện thoại Xiaomi REDMI Note 14 Chính hãng (Helio G99 Ultra),Redmi,24,5.0,5,https://mobilecity.vn/dien-thoai/xiaomi-redmi-note-14-4g.html,Đen Bán Dạ,4600000,4950000,Android 14,"MediaTek MT8781 Helio G99 Ultra (6 nm)
8 nhân (2x2.2 GHz & 6x2.0 GHz)
GPU: Mali-G57 MC2",6.0,128.0,5500.0,"Khung nhựa phẳng
Mặt lưng nhựa phẳng
Màn hình phẳng kính Corning Gorilla 5
Kháng nước, bụi IP54",Xiaomi,false,6.67,120.0,1200.0,AMOLED,2,"",33.0,"108.0,2.0,2.0",20.0
Điện thoại Realme Neo7x 5G (Snapdragon 6 Gen 4),Realme,12,5.0,14,https://mobilecity.vn/dien-thoai/realme-neo7x-5g.html,Trắng,4450000,,Android 15,"Qualcomm Snapdragon 6 Gen 4 (4 nm)
8 nhân (1x2.3 GHz & 3x2.2 GHz & 4x1.8 GHz)
GPU: Adreno xxx",8.0,128.0,6000.0,"Khung nhựa phẳng
Mặt lưng nhựa phẳng
Kháng nước, bụi IP68/IP69",Realme,false,6.67,120.0,2000.0,AMOLED,2,Li-Ion,45.0,50.0,16.0
Điện thoại Realme Neo7x 5G (Snapdragon 6 Gen 4),Realme,12,5.0,14,https://mobilecity.vn/dien-thoai/realme-neo7x-5g.html,Trắng,4950000,,Android 15,"Qualcomm Snapdragon 6 Gen 4 (4 nm)
8 nhân (1x2.3 GHz & 3x2.2 GHz & 4x1.8 GHz)
GPU: Adreno xxx",8.0,128.0,6000.0,"Khung nhựa phẳng
Mặt lưng nhựa phẳng
Kháng nước, bụi IP68/IP69",Realme,false,6.67,120.0,2000.0,AMOLED,2,Li-Ion,45.0,50.0,16.0
Điện thoại Realme Neo7x 5G (Snapdragon 6 Gen 4),Realme,12,5.0,14,https://mobilecity.vn/dien-thoai/realme-neo7x-5g.html,Trắng,6050000,,Android 15,"Qualcomm Snapdragon 6 Gen 4 (4 nm)
8 nhân (1x2.3 GHz & 3x2.2 GHz & 4x1.8 GHz)
GPU: Adreno xxx",8.0,128.0,6000.0,"Khung nhựa phẳng
Mặt lưng nhựa phẳng
Kháng nước, bụi IP68/IP69",Realme,false,6.67,120.0,2000.0,AMOLED,2,Li-Ion,45.0,50.0,16.0
Điện thoại Realme Neo7x 5G (Snapdragon 6 Gen 4),Realme,12,5.0,14,https://mobilecity.vn/dien-thoai/realme-neo7x-5g.html,Xám Titan,4450000,,Android 15,"Qualcomm Snapdragon 6 Gen 4 (4 nm)
8 nhân (1x2.3 GHz & 3x2.2 GHz & 4x1.8 GHz)
GPU: Adreno xxx",8.0,128.0,6000.0,"Khung nhựa phẳng
Mặt lưng nhựa phẳng
Kháng nước, bụi IP68/IP69",Realme,false,6.67,120.0,2000.0,AMOLED,2,Li-Ion,45.0,50.0,16.0
Điện thoại Realme Neo7x 5G (Snapdragon 6 Gen 4),Realme,12,5.0,14,https://mobilecity.vn/dien-thoai/realme-neo7x-5g.html,Xám Titan,4950000,,Android 15,"Qualcomm Snapdragon 6 Gen 4 (4 nm)
8 nhân (1x2.3 GHz & 3x2.2 GHz & 4x1.8 GHz)
GPU: Adreno xxx",8.0,128.0,6000.0,"Khung nhựa phẳng
Mặt lưng nhựa phẳng
Kháng nước, bụi IP68/IP69",Realme,false,6.67,120.0,2000.0,AMOLED,2,Li-Ion,45.0,50.0,16.0
Điện thoại Realme Neo7x 5G (Snapdragon 6 Gen 4),Realme,12,5.0,14,https://mobilecity.vn/dien-thoai/realme-neo7x-5g.html,Xám Titan,6050000,,Android 15,"Qualcomm Snapdragon 6 Gen 4 (4 nm)
8 nhân (1x2.3 GHz & 3x2.2 GHz & 4x1.8 GHz)
GPU: Adreno xxx",8.0,128.0,6000.0,"Khung nhựa phẳng
Mặt lưng nhựa phẳng
Kháng nước, bụi IP68/IP69",Realme,false,6.67,120.0,2000.0,AMOLED,2,Li-Ion,45.0,50.0,16.0
Điện thoại Xiaomi Redmi 12C (Helio G85),Redmi,12,5.0,11,https://mobilecity.vn/dien-thoai/xiaomi-redmi-12c-helio-g85.html,Xanh Đậm,1650000,2950000,Android 12,"Mediatek MT6769Z Helio G85 (12nm)
8 nhân (2x2.0 GHz & 6x1.8 GHz)
GPU: Mali-G52 MC2",4.0,64.0,5000.0,Thanh + Cảm ứng,Xiaomi,false,6.71,,500.0,LCD,2,Li-Po,10.0,"50.0,0.08",5.0
Điện thoại Xiaomi Redmi 12C (Helio G85),Redmi,12,5.0,11,https://mobilecity.vn/dien-thoai/xiaomi-redmi-12c-helio-g85.html,Xanh Đậm,1950000,2950000,Android 12,"Mediatek MT6769Z Helio G85 (12nm)
8 nhân (2x2.0 GHz & 6x1.8 GHz)
GPU: Mali-G52 MC2",4.0,64.0,5000.0,Thanh + Cảm ứng,Xiaomi,false,6.71,,500.0,LCD,2,Li-Po,10.0,"50.0,0.08",5.0
Điện thoại Xiaomi Redmi 12C (Helio G85),Redmi,12,5.0,11,https://mobilecity.vn/dien-thoai/xiaomi-redmi-12c-helio-g85.html,Xanh bạc hà,1650000,2950000,Android 12,"Mediatek MT6769Z Helio G85 (12nm)
8 nhân (2x2.0 GHz & 6x1.8 GHz)
GPU: Mali-G52 MC2",4.0,64.0,5000.0,Thanh + Cảm ứng,Xiaomi,false,6.71,,500.0,LCD,2,Li-Po,10.0,"50.0,0.08",5.0
Điện thoại Xiaomi Redmi 12C (Helio G85),Redmi,12,5.0,11,https://mobilecity.vn/dien-thoai/xiaomi-redmi-12c-helio-g85.html,Xanh bạc hà,1950000,2950000,Android 12,"Mediatek MT6769Z Helio G85 (12nm)
8 nhân (2x2.0 GHz & 6x1.8 GHz)
GPU: Mali-G52 MC2",4.0,64.0,5000.0,Thanh + Cảm ứng,Xiaomi,false,6.71,,500.0,LCD,2,Li-Po,10.0,"50.0,0.08",5.0
Điện thoại Xiaomi Redmi 12C (Helio G85),Redmi,12,5.0,11,https://mobilecity.vn/dien-thoai/xiaomi-redmi-12c-helio-g85.html,Tím,1650000,2950000,Android 12,"Mediatek MT6769Z Helio G85 (12nm)
8 nhân (2x2.0 GHz & 6x1.8 GHz)
GPU: Mali-G52 MC2",4.0,64.0,5000.0,Thanh + Cảm ứng,Xiaomi,false,6.71,,500.0,LCD,2,Li-Po,10.0,"50.0,0.08",5.0
Điện thoại Xiaomi Redmi 12C (Helio G85),Redmi,12,5.0,11,https://mobilecity.vn/dien-thoai/xiaomi-redmi-12c-helio-g85.html,Tím,1950000,2950000,Android 12,"Mediatek MT6769Z Helio G85 (12nm)
8 nhân (2x2.0 GHz & 6x1.8 GHz)
GPU: Mali-G52 MC2",4.0,64.0,5000.0,Thanh + Cảm ứng,Xiaomi,false,6.71,,500.0,LCD,2,Li-Po,10.0,"50.0,0.08",5.0
Điện thoại Xiaomi Redmi 12C (Helio G85),Redmi,12,5.0,11,https://mobilecity.vn/dien-thoai/xiaomi-redmi-12c-helio-g85.html,Đen,1650000,2950000,Android 12,"Mediatek MT6769Z Helio G85 (12nm)
8 nhân (2x2.0 GHz & 6x1.8 GHz)
GPU: Mali-G52 MC2",4.0,64.0,5000.0,Thanh + Cảm ứng,Xiaomi,false,6.71,,500.0,LCD,2,Li-Po,10.0,"50.0,0.08",5.0
Điện thoại Xiaomi Redmi 12C (Helio G85),Redmi,12,5.0,11,https://mobilecity.vn/dien-thoai/xiaomi-redmi-12c-helio-g85.html,Đen,1950000,2950000,Android 12,"Mediatek MT6769Z Helio G85 (12nm)
8 nhân (2x2.0 GHz & 6x1.8 GHz)
GPU: Mali-G52 MC2",4.0,64.0,5000.0,Thanh + Cảm ứng,Xiaomi,false,6.71,,500.0,LCD,2,Li-Po,10.0,"50.0,0.08",5.0
Điện thoại Xiaomi Redmi Note 13 Cũ (99% - Màn AMOLED 120Hz 1 tỷ màu),Điện thoại Cũ,0,4.9,9,https://mobilecity.vn/dien-thoai/xiaomi-redmi-note-13-cu-man-amoled-1ty-mau.html,Trắng,2950000,,Android 13,"Mediatek Dimensity 6080 (6 nm)
8 nhân (2x2.4 GHz & 6x2.0 GHz)
GPU: Mali-G57 MC2",6.0,128.0,5000.0,"Khung nhựa vuông vức
Mặt lưng nhựa
Kính trước Corning Gorilla Glass 5
Kháng nước, bụi IP54",Xiaomi,true,6.67,120.0,1000.0,AMOLED,2,Li-Po,33.0,"100.0,2.0",16.0
Điện thoại Xiaomi Redmi Note 13 Cũ (99% - Màn AMOLED 120Hz 1 tỷ màu),Điện thoại Cũ,0,4.9,9,https://mobilecity.vn/dien-thoai/xiaomi-redmi-note-13-cu-man-amoled-1ty-mau.html,Trắng,3250000,,Android 13,"Mediatek Dimensity 6080 (6 nm)
8 nhân (2x2.4 GHz & 6x2.0 GHz)
GPU: Mali-G57 MC2",6.0,128.0,5000.0,"Khung nhựa vuông vức
Mặt lưng nhựa
Kính trước Corning Gorilla Glass 5
Kháng nước, bụi IP54",Xiaomi,true,6.67,120.0,1000.0,AMOLED,2,Li-Po,33.0,"100.0,2.0",16.0
Điện thoại Xiaomi Redmi Note 13 Cũ (99% - Màn AMOLED 120Hz 1 tỷ màu),Điện thoại Cũ,0,4.9,9,https://mobilecity.vn/dien-thoai/xiaomi-redmi-note-13-cu-man-amoled-1ty-mau.html,Trắng,3750000,,Android 13,"Mediatek Dimensity 6080 (6 nm)
8 nhân (2x2.4 GHz & 6x2.0 GHz)
GPU: Mali-G57 MC2",6.0,128.0,5000.0,"Khung nhựa vuông vức
Mặt lưng nhựa
Kính trước Corning Gorilla Glass 5
Kháng nước, bụi IP54",Xiaomi,true,6.67,120.0,1000.0,AMOLED,2,Li-Po,33.0,"100.0,2.0",16.0
Điện thoại Xiaomi Redmi Note 13 Cũ (99% - Màn AMOLED 120Hz 1 tỷ màu),Điện thoại Cũ,0,4.9,9,https://mobilecity.vn/dien-thoai/xiaomi-redmi-note-13-cu-man-amoled-1ty-mau.html,Xanh,2950000,,Android 13,"Mediatek Dimensity 6080 (6 nm)
8 nhân (2x2.4 GHz & 6x2.0 GHz)
GPU: Mali-G57 MC2",6.0,128.0,5000.0,"Khung nhựa vuông vức
Mặt lưng nhựa
Kính trước Corning Gorilla Glass 5
Kháng nước, bụi IP54",Xiaomi,true,6.67,120.0,1000.0,AMOLED,2,Li-Po,33.0,"100.0,2.0",16.0
Điện thoại Xiaomi Redmi Note 13 Cũ (99% - Màn AMOLED 120Hz 1 tỷ màu),Điện thoại Cũ,0,4.9,9,https://mobilecity.vn/dien-thoai/xiaomi-redmi-note-13-cu-man-amoled-1ty-mau.html,Xanh,3250000,,Android 13,"Mediatek Dimensity 6080 (6 nm)
8 nhân (2x2.4 GHz & 6x2.0 GHz)
GPU: Mali-G57 MC2",6.0,128.0,5000.0,"Khung nhựa vuông vức
Mặt lưng nhựa
Kính trước Corning Gorilla Glass 5
Kháng nước, bụi IP54",Xiaomi,true,6.67,120.0,1000.0,AMOLED,2,Li-Po,33.0,"100.0,2.0",16.0
Điện thoại Xiaomi Redmi Note 13 Cũ (99% - Màn AMOLED 120Hz 1 tỷ màu),Điện thoại Cũ,0,4.9,9,https://mobilecity.vn/dien-thoai/xiaomi-redmi-note-13-cu-man-amoled-1ty-mau.html,Xanh,3750000,,Android 13,"Mediatek Dimensity 6080 (6 nm)
8 nhân (2x2.4 GHz & 6x2.0 GHz)
GPU: Mali-G57 MC2",6.0,128.0,5000.0,"Khung nhựa vuông vức
Mặt lưng nhựa
Kính trước Corning Gorilla Glass 5
Kháng nước, bụi IP54",Xiaomi,true,6.67,120.0,1000.0,AMOLED,2,Li-Po,33.0,"100.0,2.0",16.0
Điện thoại Xiaomi Redmi Note 13 Cũ (99% - Màn AMOLED 120Hz 1 tỷ màu),Điện thoại Cũ,0,4.9,9,https://mobilecity.vn/dien-thoai/xiaomi-redmi-note-13-cu-man-amoled-1ty-mau.html,Đen,2950000,,Android 13,"Mediatek Dimensity 6080 (6 nm)
8 nhân (2x2.4 GHz & 6x2.0 GHz)
GPU: Mali-G57 MC2",6.0,128.0,5000.0,"Khung nhựa vuông vức
Mặt lưng nhựa
Kính trước Corning Gorilla Glass 5
Kháng nước, bụi IP54",Xiaomi,true,6.67,120.0,1000.0,AMOLED,2,Li-Po,33.0,"100.0,2.0",16.0
Điện thoại Xiaomi Redmi Note 13 Cũ (99% - Màn AMOLED 120Hz 1 tỷ màu),Điện thoại Cũ,0,4.9,9,https://mobilecity.vn/dien-thoai/xiaomi-redmi-note-13-cu-man-amoled-1ty-mau.html,Đen,3250000,,Android 13,"Mediatek Dimensity 6080 (6 nm)
8 nhân (2x2.4 GHz & 6x2.0 GHz)
GPU: Mali-G57 MC2",6.0,128.0,5000.0,"Khung nhựa vuông vức
Mặt lưng nhựa
Kính trước Corning Gorilla Glass 5
Kháng nước, bụi IP54",Xiaomi,true,6.67,120.0,1000.0,AMOLED,2,Li-Po,33.0,"100.0,2.0",16.0
Điện thoại Xiaomi Redmi Note 13 Cũ (99% - Màn AMOLED 120Hz 1 tỷ màu),Điện thoại Cũ,0,4.9,9,https://mobilecity.vn/dien-thoai/xiaomi-redmi-note-13-cu-man-amoled-1ty-mau.html,Đen,3750000,,Android 13,"Mediatek Dimensity 6080 (6 nm)
8 nhân (2x2.4 GHz & 6x2.0 GHz)
GPU: Mali-G57 MC2",6.0,128.0,5000.0,"Khung nhựa vuông vức
Mặt lưng nhựa
Kính trước Corning Gorilla Glass 5
Kháng nước, bụi IP54",Xiaomi,true,6.67,120.0,1000.0,AMOLED,2,Li-Po,33.0,"100.0,2.0",16.0
Điện thoại Vivo iQOO Z9 Turbo Endurance Edition (Pin 6400 mAh),Vivo,12,5.0,26,https://mobilecity.vn/dien-thoai/vivo-iqoo-z9-turbo-endurance-edition.html,Xanh dương,6050000,6950000,Android 15,"Qualcomm SM8635 Snapdragon 8s Gen 3 (4 nm)
8 nhân (1x3.0 GHz & 4x2.8 GHz & 3x2.0 GHz)
GPU: Adreno 735",12.0,256.0,6400.0,"Khung nhựa vuông vức
Mặt lưng nhựa phẳng bo cong nhẹ
Kháng nước, bụi IP64",Vivo,false,6.78,144.0,4500.0,AMOLED,2,Si/C,80.0,"50.0,8.0",16.0
Điện thoại Vivo iQOO Z9 Turbo Endurance Edition (Pin 6400 mAh),Vivo,12,5.0,26,https://mobilecity.vn/dien-thoai/vivo-iqoo-z9-turbo-endurance-edition.html,Xanh dương,6450000,6950000,Android 15,"Qualcomm SM8635 Snapdragon 8s Gen 3 (4 nm)
8 nhân (1x3.0 GHz & 4x2.8 GHz & 3x2.0 GHz)
GPU: Adreno 735",12.0,256.0,6400.0,"Khung nhựa vuông vức
Mặt lưng nhựa phẳng bo cong nhẹ
Kháng nước, bụi IP64",Vivo,false,6.78,144.0,4500.0,AMOLED,2,Si/C,80.0,"50.0,8.0",16.0
Điện thoại Vivo iQOO Z9 Turbo Endurance Edition (Pin 6400 mAh),Vivo,12,5.0,26,https://mobilecity.vn/dien-thoai/vivo-iqoo-z9-turbo-endurance-edition.html,Xanh dương,6450000,6950000,Android 15,"Qualcomm SM8635 Snapdragon 8s Gen 3 (4 nm)
8 nhân (1x3.0 GHz & 4x2.8 GHz & 3x2.0 GHz)
GPU: Adreno 735",12.0,256.0,6400.0,"Khung nhựa vuông vức
Mặt lưng nhựa phẳng bo cong nhẹ
Kháng nước, bụi IP64",Vivo,false,6.78,144.0,4500.0,AMOLED,2,Si/C,80.0,"50.0,8.0",16.0
Điện thoại Vivo iQOO Z9 Turbo Endurance Edition (Pin 6400 mAh),Vivo,12,5.0,26,https://mobilecity.vn/dien-thoai/vivo-iqoo-z9-turbo-endurance-edition.html,Xanh dương,7050000,6950000,Android 15,"Qualcomm SM8635 Snapdragon 8s Gen 3 (4 nm)
8 nhân (1x3.0 GHz & 4x2.8 GHz & 3x2.0 GHz)
GPU: Adreno 735",12.0,256.0,6400.0,"Khung nhựa vuông vức
Mặt lưng nhựa phẳng bo cong nhẹ
Kháng nước, bụi IP64",Vivo,false,6.78,144.0,4500.0,AMOLED,2,Si/C,80.0,"50.0,8.0",16.0
Điện thoại Vivo iQOO Z9 Turbo Endurance Edition (Pin 6400 mAh),Vivo,12,5.0,26,https://mobilecity.vn/dien-thoai/vivo-iqoo-z9-turbo-endurance-edition.html,Trắng,6150000,6950000,Android 15,"Qualcomm SM8635 Snapdragon 8s Gen 3 (4 nm)
8 nhân (1x3.0 GHz & 4x2.8 GHz & 3x2.0 GHz)
GPU: Adreno 735",12.0,256.0,6400.0,"Khung nhựa vuông vức
Mặt lưng nhựa phẳng bo cong nhẹ
Kháng nước, bụi IP64",Vivo,false,6.78,144.0,4500.0,AMOLED,2,Si/C,80.0,"50.0,8.0",16.0
Điện thoại Vivo iQOO Z9 Turbo Endurance Edition (Pin 6400 mAh),Vivo,12,5.0,26,https://mobilecity.vn/dien-thoai/vivo-iqoo-z9-turbo-endurance-edition.html,Trắng,6450000,6950000,Android 15,"Qualcomm SM8635 Snapdragon 8s Gen 3 (4 nm)
8 nhân (1x3.0 GHz & 4x2.8 GHz & 3x2.0 GHz)
GPU: Adreno 735",12.0,256.0,6400.0,"Khung nhựa vuông vức
Mặt lưng nhựa phẳng bo cong nhẹ
Kháng nước, bụi IP64",Vivo,false,6.78,144.0,4500.0,AMOLED,2,Si/C,80.0,"50.0,8.0",16.0
Điện thoại Vivo iQOO Z9 Turbo Endurance Edition (Pin 6400 mAh),Vivo,12,5.0,26,https://mobilecity.vn/dien-thoai/vivo-iqoo-z9-turbo-endurance-edition.html,Trắng,6550000,6950000,Android 15,"Qualcomm SM8635 Snapdragon 8s Gen 3 (4 nm)
8 nhân (1x3.0 GHz & 4x2.8 GHz & 3x2.0 GHz)
GPU: Adreno 735",12.0,256.0,6400.0,"Khung nhựa vuông vức
Mặt lưng nhựa phẳng bo cong nhẹ
Kháng nước, bụi IP64",Vivo,false,6.78,144.0,4500.0,AMOLED,2,Si/C,80.0,"50.0,8.0",16.0
Điện thoại Vivo iQOO Z9 Turbo Endurance Edition (Pin 6400 mAh),Vivo,12,5.0,26,https://mobilecity.vn/dien-thoai/vivo-iqoo-z9-turbo-endurance-edition.html,Trắng,7050000,6950000,Android 15,"Qualcomm SM8635 Snapdragon 8s Gen 3 (4 nm)
8 nhân (1x3.0 GHz & 4x2.8 GHz & 3x2.0 GHz)
GPU: Adreno 735",12.0,256.0,6400.0,"Khung nhựa vuông vức
Mặt lưng nhựa phẳng bo cong nhẹ
Kháng nước, bụi IP64",Vivo,false,6.78,144.0,4500.0,AMOLED,2,Si/C,80.0,"50.0,8.0",16.0
Điện thoại Vivo iQOO Z9 Turbo Endurance Edition (Pin 6400 mAh),Vivo,12,5.0,26,https://mobilecity.vn/dien-thoai/vivo-iqoo-z9-turbo-endurance-edition.html,Đen,6150000,6950000,Android 15,"Qualcomm SM8635 Snapdragon 8s Gen 3 (4 nm)
8 nhân (1x3.0 GHz & 4x2.8 GHz & 3x2.0 GHz)
GPU: Adreno 735",12.0,256.0,6400.0,"Khung nhựa vuông vức
Mặt lưng nhựa phẳng bo cong nhẹ
Kháng nước, bụi IP64",Vivo,false,6.78,144.0,4500.0,AMOLED,2,Si/C,80.0,"50.0,8.0",16.0
Điện thoại Vivo iQOO Z9 Turbo Endurance Edition (Pin 6400 mAh),Vivo,12,5.0,26,https://mobilecity.vn/dien-thoai/vivo-iqoo-z9-turbo-endurance-edition.html,Đen,6450000,6950000,Android 15,"Qualcomm SM8635 Snapdragon 8s Gen 3 (4 nm)
8 nhân (1x3.0 GHz & 4x2.8 GHz & 3x2.0 GHz)
GPU: Adreno 735",12.0,256.0,6400.0,"Khung nhựa vuông vức
Mặt lưng nhựa phẳng bo cong nhẹ
Kháng nước, bụi IP64",Vivo,false,6.78,144.0,4500.0,AMOLED,2,Si/C,80.0,"50.0,8.0",16.0
Điện thoại Vivo iQOO Z9 Turbo Endurance Edition (Pin 6400 mAh),Vivo,12,5.0,26,https://mobilecity.vn/dien-thoai/vivo-iqoo-z9-turbo-endurance-edition.html,Đen,6550000,6950000,Android 15,"Qualcomm SM8635 Snapdragon 8s Gen 3 (4 nm)
8 nhân (1x3.0 GHz & 4x2.8 GHz & 3x2.0 GHz)
GPU: Adreno 735",12.0,256.0,6400.0,"Khung nhựa vuông vức
Mặt lưng nhựa phẳng bo cong nhẹ
Kháng nước, bụi IP64",Vivo,false,6.78,144.0,4500.0,AMOLED,2,Si/C,80.0,"50.0,8.0",16.0
Điện thoại Vivo iQOO Z9 Turbo Endurance Edition (Pin 6400 mAh),Vivo,12,5.0,26,https://mobilecity.vn/dien-thoai/vivo-iqoo-z9-turbo-endurance-edition.html,Đen,7050000,6950000,Android 15,"Qualcomm SM8635 Snapdragon 8s Gen 3 (4 nm)
8 nhân (1x3.0 GHz & 4x2.8 GHz & 3x2.0 GHz)
GPU: Adreno 735",12.0,256.0,6400.0,"Khung nhựa vuông vức
Mặt lưng nhựa phẳng bo cong nhẹ
Kháng nước, bụi IP64",Vivo,false,6.78,144.0,4500.0,AMOLED,2,Si/C,80.0,"50.0,8.0",16.0
Điện thoại Vivo iQOO Z9 Turbo 5G (Snapdragon 8s Gen 3 - Pin 6000mAh),Vivo,12,5.0,586,https://mobilecity.vn/dien-thoai/vivo-iqoo-z9-turbo-snapdragon-8s-gen-3.html,Xanh,6050000,7950000,Android 14,"Qualcomm SM8635 Snapdragon 8s Gen 3 (4 nm)
8 nhân (1x3.0 GHz & 4x2.8 GHz & 3x2.0 GHz)
GPU: Adreno 735",12.0,256.0,6000.0,"Khung nhựa vuông vức
Mặt lưng nhựa phẳng bo cong nhẹ
Kháng nước, bụi IP64",Vivo,false,6.78,144.0,4500.0,AMOLED,2,"",80.0,"50.0,8.0",16.0
Điện thoại Vivo iQOO Z9 Turbo 5G (Snapdragon 8s Gen 3 - Pin 6000mAh),Vivo,12,5.0,586,https://mobilecity.vn/dien-thoai/vivo-iqoo-z9-turbo-snapdragon-8s-gen-3.html,Xanh,6450000,7950000,Android 14,"Qualcomm SM8635 Snapdragon 8s Gen 3 (4 nm)
8 nhân (1x3.0 GHz & 4x2.8 GHz & 3x2.0 GHz)
GPU: Adreno 735",12.0,256.0,6000.0,"Khung nhựa vuông vức
Mặt lưng nhựa phẳng bo cong nhẹ
Kháng nước, bụi IP64",Vivo,false,6.78,144.0,4500.0,AMOLED,2,"",80.0,"50.0,8.0",16.0
Điện thoại Vivo iQOO Z9 Turbo 5G (Snapdragon 8s Gen 3 - Pin 6000mAh),Vivo,12,5.0,586,https://mobilecity.vn/dien-thoai/vivo-iqoo-z9-turbo-snapdragon-8s-gen-3.html,Xanh,6450000,7950000,Android 14,"Qualcomm SM8635 Snapdragon 8s Gen 3 (4 nm)
8 nhân (1x3.0 GHz & 4x2.8 GHz & 3x2.0 GHz)
GPU: Adreno 735",12.0,256.0,6000.0,"Khung nhựa vuông vức
Mặt lưng nhựa phẳng bo cong nhẹ
Kháng nước, bụi IP64",Vivo,false,6.78,144.0,4500.0,AMOLED,2,"",80.0,"50.0,8.0",16.0
Điện thoại Vivo iQOO Z9 Turbo 5G (Snapdragon 8s Gen 3 - Pin 6000mAh),Vivo,12,5.0,586,https://mobilecity.vn/dien-thoai/vivo-iqoo-z9-turbo-snapdragon-8s-gen-3.html,Xanh,7050000,7950000,Android 14,"Qualcomm SM8635 Snapdragon 8s Gen 3 (4 nm)
8 nhân (1x3.0 GHz & 4x2.8 GHz & 3x2.0 GHz)
GPU: Adreno 735",12.0,256.0,6000.0,"Khung nhựa vuông vức
Mặt lưng nhựa phẳng bo cong nhẹ
Kháng nước, bụi IP64",Vivo,false,6.78,144.0,4500.0,AMOLED,2,"",80.0,"50.0,8.0",16.0
Điện thoại Vivo iQOO Z9 Turbo 5G (Snapdragon 8s Gen 3 - Pin 6000mAh),Vivo,12,5.0,586,https://mobilecity.vn/dien-thoai/vivo-iqoo-z9-turbo-snapdragon-8s-gen-3.html,Trắng,6150000,7950000,Android 14,"Qualcomm SM8635 Snapdragon 8s Gen 3 (4 nm)
8 nhân (1x3.0 GHz & 4x2.8 GHz & 3x2.0 GHz)
GPU: Adreno 735",12.0,256.0,6000.0,"Khung nhựa vuông vức
Mặt lưng nhựa phẳng bo cong nhẹ
Kháng nước, bụi IP64",Vivo,false,6.78,144.0,4500.0,AMOLED,2,"",80.0,"50.0,8.0",16.0
Điện thoại Vivo iQOO Z9 Turbo 5G (Snapdragon 8s Gen 3 - Pin 6000mAh),Vivo,12,5.0,586,https://mobilecity.vn/dien-thoai/vivo-iqoo-z9-turbo-snapdragon-8s-gen-3.html,Trắng,6450000,7950000,Android 14,"Qualcomm SM8635 Snapdragon 8s Gen 3 (4 nm)
8 nhân (1x3.0 GHz & 4x2.8 GHz & 3x2.0 GHz)
GPU: Adreno 735",12.0,256.0,6000.0,"Khung nhựa vuông vức
Mặt lưng nhựa phẳng bo cong nhẹ
Kháng nước, bụi IP64",Vivo,false,6.78,144.0,4500.0,AMOLED,2,"",80.0,"50.0,8.0",16.0
Điện thoại Vivo iQOO Z9 Turbo 5G (Snapdragon 8s Gen 3 - Pin 6000mAh),Vivo,12,5.0,586,https://mobilecity.vn/dien-thoai/vivo-iqoo-z9-turbo-snapdragon-8s-gen-3.html,Trắng,6550000,7950000,Android 14,"Qualcomm SM8635 Snapdragon 8s Gen 3 (4 nm)
8 nhân (1x3.0 GHz & 4x2.8 GHz & 3x2.0 GHz)
GPU: Adreno 735",12.0,256.0,6000.0,"Khung nhựa vuông vức
Mặt lưng nhựa phẳng bo cong nhẹ
Kháng nước, bụi IP64",Vivo,false,6.78,144.0,4500.0,AMOLED,2,"",80.0,"50.0,8.0",16.0
Điện thoại Vivo iQOO Z9 Turbo 5G (Snapdragon 8s Gen 3 - Pin 6000mAh),Vivo,12,5.0,586,https://mobilecity.vn/dien-thoai/vivo-iqoo-z9-turbo-snapdragon-8s-gen-3.html,Trắng,7050000,7950000,Android 14,"Qualcomm SM8635 Snapdragon 8s Gen 3 (4 nm)
8 nhân (1x3.0 GHz & 4x2.8 GHz & 3x2.0 GHz)
GPU: Adreno 735",12.0,256.0,6000.0,"Khung nhựa vuông vức
Mặt lưng nhựa phẳng bo cong nhẹ
Kháng nước, bụi IP64",Vivo,false,6.78,144.0,4500.0,AMOLED,2,"",80.0,"50.0,8.0",16.0
Điện thoại Vivo iQOO Z9 Turbo 5G (Snapdragon 8s Gen 3 - Pin 6000mAh),Vivo,12,5.0,586,https://mobilecity.vn/dien-thoai/vivo-iqoo-z9-turbo-snapdragon-8s-gen-3.html,Đen,6150000,7950000,Android 14,"Qualcomm SM8635 Snapdragon 8s Gen 3 (4 nm)
8 nhân (1x3.0 GHz & 4x2.8 GHz & 3x2.0 GHz)
GPU: Adreno 735",12.0,256.0,6000.0,"Khung nhựa vuông vức
Mặt lưng nhựa phẳng bo cong nhẹ
Kháng nước, bụi IP64",Vivo,false,6.78,144.0,4500.0,AMOLED,2,"",80.0,"50.0,8.0",16.0
Điện thoại Vivo iQOO Z9 Turbo 5G (Snapdragon 8s Gen 3 - Pin 6000mAh),Vivo,12,5.0,586,https://mobilecity.vn/dien-thoai/vivo-iqoo-z9-turbo-snapdragon-8s-gen-3.html,Đen,6450000,7950000,Android 14,"Qualcomm SM8635 Snapdragon 8s Gen 3 (4 nm)
8 nhân (1x3.0 GHz & 4x2.8 GHz & 3x2.0 GHz)
GPU: Adreno 735",12.0,256.0,6000.0,"Khung nhựa vuông vức
Mặt lưng nhựa phẳng bo cong nhẹ
Kháng nước, bụi IP64",Vivo,false,6.78,144.0,4500.0,AMOLED,2,"",80.0,"50.0,8.0",16.0
Điện thoại Vivo iQOO Z9 Turbo 5G (Snapdragon 8s Gen 3 - Pin 6000mAh),Vivo,12,5.0,586,https://mobilecity.vn/dien-thoai/vivo-iqoo-z9-turbo-snapdragon-8s-gen-3.html,Đen,6550000,7950000,Android 14,"Qualcomm SM8635 Snapdragon 8s Gen 3 (4 nm)
8 nhân (1x3.0 GHz & 4x2.8 GHz & 3x2.0 GHz)
GPU: Adreno 735",12.0,256.0,6000.0,"Khung nhựa vuông vức
Mặt lưng nhựa phẳng bo cong nhẹ
Kháng nước, bụi IP64",Vivo,false,6.78,144.0,4500.0,AMOLED,2,"",80.0,"50.0,8.0",16.0
Điện thoại Vivo iQOO Z9 Turbo 5G (Snapdragon 8s Gen 3 - Pin 6000mAh),Vivo,12,5.0,586,https://mobilecity.vn/dien-thoai/vivo-iqoo-z9-turbo-snapdragon-8s-gen-3.html,Đen,7050000,7950000,Android 14,"Qualcomm SM8635 Snapdragon 8s Gen 3 (4 nm)
8 nhân (1x3.0 GHz & 4x2.8 GHz & 3x2.0 GHz)
GPU: Adreno 735",12.0,256.0,6000.0,"Khung nhựa vuông vức
Mặt lưng nhựa phẳng bo cong nhẹ
Kháng nước, bụi IP64",Vivo,false,6.78,144.0,4500.0,AMOLED,2,"",80.0,"50.0,8.0",16.0
